City_ID,City,Country,Date,Lat,Lng,Max Temp,Humidity,Cloudiness,Wind Speed
0,Pisco,PE,2021-11-28 21:22:28,-13.7,-76.2167,69.85,73,0,23.02
1,Esperance,AU,2021-11-28 21:22:29,-33.8667,121.9,64.24,89,95,16.08
2,Namibe,AO,2021-11-28 21:22:29,-15.1961,12.1522,69.42,76,92,5.48
3,Beringovskiy,RU,2021-11-28 21:22:29,63.05,179.3167,3.65,96,98,5.01
4,Bloomingdale,US,2021-11-28 21:21:56,27.8936,-82.2404,68.32,41,1,3.44
5,Lebu,CL,2021-11-28 21:22:30,-37.6167,-73.65,56.28,70,5,19.35
6,Thompson,CA,2021-11-28 21:22:30,55.7435,-97.8558,5.16,85,40,0.0
7,Dikson,RU,2021-11-28 21:22:30,73.5069,80.5464,-15.25,100,100,11.92
8,Rikitea,PF,2021-11-28 21:22:30,-23.1203,-134.9692,76.73,74,11,16.35
9,Hobart,AU,2021-11-28 21:21:19,-42.8794,147.3294,57.06,77,0,8.05
10,Taoudenni,ML,2021-11-28 21:22:31,22.6783,-3.9836,68.72,21,3,10.31
11,Port Alfred,ZA,2021-11-28 21:22:31,-33.5906,26.891,66.2,80,6,10.4
12,Kahului,US,2021-11-28 21:22:31,20.8947,-156.47,80.62,57,20,19.57
13,Punta Arenas,CL,2021-11-28 21:22:31,-53.15,-70.9167,46.51,66,75,25.32
14,New Norfolk,AU,2021-11-28 21:22:32,-42.7826,147.0587,56.7,74,58,2.35
15,Qaanaaq,GL,2021-11-28 21:22:32,77.484,-69.3632,-8.21,77,23,8.23
16,Busselton,AU,2021-11-28 21:22:32,-33.65,115.3333,61.63,80,38,7.92
17,Vaini,TO,2021-11-28 21:22:33,-21.2,-175.2,80.76,78,20,10.36
18,Bubaque,GW,2021-11-28 21:22:33,11.2833,-15.8333,83.39,70,68,14.29
19,Muyezerskiy,RU,2021-11-28 21:22:33,63.9333,31.65,4.21,99,98,3.15
20,Panacan,PH,2021-11-28 21:22:33,9.2463,118.4082,78.85,81,100,6.08
21,Bayir,TR,2021-11-28 21:22:34,37.2687,28.2167,64.92,68,100,9.53
22,Atambua,ID,2021-11-28 21:22:34,-9.1061,124.8925,74.55,82,100,2.46
23,Atuona,PF,2021-11-28 21:22:34,-9.8,-139.0333,78.53,72,1,18.23
24,Vila Praia De Ancora,PT,2021-11-28 21:22:35,41.811,-8.8526,54.46,87,55,14.25
25,Sisimiut,GL,2021-11-28 21:22:35,66.9395,-53.6735,31.44,86,100,10.56
26,Lorengau,PG,2021-11-28 21:22:35,-2.0226,147.2712,80.91,79,98,2.39
27,Tiksi,RU,2021-11-28 21:22:35,71.6872,128.8694,-13.72,99,99,6.53
28,Aripuana,BR,2021-11-28 21:22:36,-9.1667,-60.6333,82.18,73,92,0.85
29,Praia,CV,2021-11-28 21:22:36,14.9215,-23.5087,75.74,69,40,24.16
30,Tasiilaq,GL,2021-11-28 21:22:36,65.6145,-37.6368,26.76,96,97,2.39
31,Husavik,IS,2021-11-28 21:22:37,66.0449,-17.3389,28.31,95,100,5.06
32,Nioro,GM,2021-11-28 21:22:37,13.35,-15.75,86.61,22,31,12.55
33,Katsuura,JP,2021-11-28 21:22:37,35.1333,140.3,42.91,56,5,2.06
34,Ponta Do Sol,PT,2021-11-28 21:22:37,32.6667,-17.1,65.03,77,51,8.61
35,Cape Town,ZA,2021-11-28 21:19:14,-33.9258,18.4232,63.01,94,40,4.61
36,Kodiak,US,2021-11-28 21:22:38,57.79,-152.4072,13.51,44,1,3.44
37,Lompoc,US,2021-11-28 21:22:38,34.6391,-120.4579,82.71,24,1,11.5
38,Curitibanos,BR,2021-11-28 21:22:38,-27.2828,-50.5844,72.18,67,95,4.9
39,Ushuaia,AR,2021-11-28 21:21:08,-54.8,-68.3,47.82,66,75,24.16
40,Albany,US,2021-11-28 21:22:39,42.6001,-73.9662,30.85,84,91,2.98
41,Barra Do Garcas,BR,2021-11-28 21:22:39,-15.89,-52.2567,85.84,66,70,2.77
42,Mar Del Plata,AR,2021-11-28 21:22:39,-38.0023,-57.5575,63.27,90,100,15.3
43,Astana,KZ,2021-11-28 21:22:39,51.1801,71.446,-2.25,78,61,11.18
44,Castro,BR,2021-11-28 21:22:40,-24.7911,-50.0119,75.43,60,85,3.74
45,East London,ZA,2021-11-28 21:22:40,-33.0153,27.9116,69.12,74,26,5.84
46,Barrow,US,2021-11-28 21:23:40,71.2906,-156.7887,-11.18,70,90,11.5
47,Portland,US,2021-11-28 21:18:48,45.5234,-122.6762,62.58,65,75,14.97
48,Saint George,US,2021-11-28 21:23:41,37.1041,-113.5841,77.47,20,1,0.0
49,Gat,IL,2021-11-28 21:23:41,31.61,34.7642,63.28,39,20,0.47
50,Aksu,CN,2021-11-28 21:22:48,41.1231,80.2644,26.28,60,5,3.47
51,Pizhma,RU,2021-11-28 21:23:41,57.8642,47.1171,34.21,93,100,9.8
52,Fairbanks,US,2021-11-28 21:23:42,64.8378,-147.7164,-27.44,72,1,0.0
53,Paita,PE,2021-11-28 21:23:42,-5.0892,-81.1144,73.96,75,71,17.13
54,Abnub,EG,2021-11-28 21:23:42,27.2696,31.1511,68.22,21,69,5.64
55,Gamba,GA,2021-11-28 21:23:42,-2.65,10.0,77.09,89,57,7.2
56,Yellowknife,CA,2021-11-28 21:20:51,62.456,-114.3525,18.12,93,90,17.27
57,Sobolevo,RU,2021-11-28 21:23:43,54.4299,31.8996,34.84,92,100,9.8
58,Abalak,RU,2021-11-28 21:23:43,58.1286,68.5944,20.88,83,100,8.21
59,Port Macquarie,AU,2021-11-28 21:23:43,-31.4333,152.9167,64.36,80,100,6.22
60,Mujiayingzi,CN,2021-11-28 21:23:44,42.1167,118.7833,29.68,68,100,2.48
61,Hasaki,JP,2021-11-28 21:23:44,35.7333,140.8333,34.2,48,2,0.89
62,Ilulissat,GL,2021-11-28 21:23:44,69.2167,-51.1,19.42,58,100,11.5
63,Jamestown,US,2021-11-28 21:21:59,42.097,-79.2353,36.72,93,90,14.97
64,Bure,ET,2021-11-28 21:23:45,10.7,37.0667,58.89,49,57,3.24
65,Airai,TL,2021-11-28 21:23:45,-8.9266,125.4092,60.44,89,100,1.5
66,Calbuco,CL,2021-11-28 21:23:45,-41.768,-73.1273,63.61,60,69,7.63
67,Talnakh,RU,2021-11-28 21:23:45,69.4865,88.3972,-16.1,98,72,2.37
68,Smithers,CA,2021-11-28 21:23:46,54.7804,-127.1743,39.52,87,75,5.75
69,Mataura,NZ,2021-11-28 21:23:46,-46.1927,168.8643,58.6,51,84,3.69
70,Sao Jose Da Coroa Grande,BR,2021-11-28 21:23:46,-8.8978,-35.1478,80.44,80,40,13.62
71,Georgetown,MY,2021-11-28 21:23:47,5.4112,100.3354,76.95,88,20,0.0
72,Hofn,IS,2021-11-28 21:23:47,64.2539,-15.2082,31.17,97,100,9.8
73,Chapais,CA,2021-11-28 21:23:47,49.7834,-74.8492,13.78,94,100,4.05
74,Nosy Varika,MG,2021-11-28 21:23:47,-20.5833,48.5333,69.87,85,99,4.79
75,Torbay,CA,2021-11-28 21:23:48,47.6666,-52.7314,45.37,76,75,12.66
76,Kerema,PG,2021-11-28 21:23:11,-7.9631,145.7785,78.85,79,100,3.71
77,Nishihara,JP,2021-11-28 21:23:48,26.1842,127.7558,68.05,80,90,14.97
78,Zabol,AF,2021-11-28 21:23:48,32.25,67.25,38.34,49,8,5.37
79,Liverpool,GB,2021-11-28 21:23:49,53.4106,-2.9779,33.75,86,0,6.91
80,Geraldton,AU,2021-11-28 21:23:49,-28.7667,114.6,66.61,94,75,10.36
81,Grindavik,IS,2021-11-28 21:23:49,63.8424,-22.4338,43.27,93,90,14.97
82,Hithadhoo,MV,2021-11-28 21:23:49,-0.6,73.0833,81.37,75,66,17.43
83,Havre,FR,2021-11-28 21:23:50,49.5833,0.3333,42.57,56,75,11.5
84,Sao Joao Da Barra,BR,2021-11-28 21:21:07,-21.6403,-41.0511,73.49,94,93,9.46
85,Erzin,TR,2021-11-28 21:23:50,36.9559,36.2,52.52,58,4,3.09
86,Roma,US,2021-11-28 21:20:51,43.2128,-75.4557,33.66,86,90,5.75
87,Komsomolskiy,UZ,2021-11-28 21:23:51,40.4272,71.7189,35.02,80,33,4.61
88,Altamira,BR,2021-11-28 21:23:51,-3.2033,-52.2064,82.49,89,0,0.0
89,Hermanus,ZA,2021-11-28 21:23:51,-34.4187,19.2345,63.55,84,75,7.61
90,Auki,SB,2021-11-28 21:23:52,-8.7676,160.7034,81.32,79,77,3.76
91,Hilo,US,2021-11-28 21:24:52,19.7297,-155.09,80.33,61,1,11.5
92,Nikolskoye,RU,2021-11-28 21:24:52,59.7035,30.7861,24.69,92,96,5.37
93,Uarini,BR,2021-11-28 21:24:52,-2.99,-65.1083,84.15,93,99,2.62
94,Fortuna,US,2021-11-28 21:22:05,40.5982,-124.1573,53.94,100,90,0.0
95,Sao Filipe,CV,2021-11-28 21:24:53,14.8961,-24.4956,76.8,70,95,14.7
96,Buckeye,US,2021-11-28 21:24:53,33.3703,-112.5838,79.09,16,0,6.91
97,Olafsvik,IS,2021-11-28 21:24:53,64.8945,-23.7142,41.23,95,100,11.1
98,Torres,BR,2021-11-28 21:24:54,-29.3353,-49.7269,73.22,85,100,3.6
99,Deputatskiy,RU,2021-11-28 21:24:54,69.3,139.9,-12.33,96,100,5.1
100,Opuwo,NA,2021-11-28 21:24:54,-18.0607,13.84,71.15,26,85,5.26
101,Guane,CU,2021-11-28 21:24:54,22.2025,-84.0875,80.51,53,13,0.74
102,Salinas,US,2021-11-28 21:24:55,36.6777,-121.6555,75.29,28,1,0.0
103,Kapaa,US,2021-11-28 21:24:55,22.0752,-159.319,80.92,61,1,13.8
104,Muros,ES,2021-11-28 21:24:55,42.7762,-9.0603,52.3,82,77,13.85
105,Salalah,OM,2021-11-28 21:24:56,17.0151,54.0924,75.29,73,0,2.3
106,Fort Collins,US,2021-11-28 21:24:56,40.5853,-105.0844,65.01,28,1,4.61
107,Okhotsk,RU,2021-11-28 21:24:56,59.3833,143.3,-6.93,85,10,18.57
108,Merauke,ID,2021-11-28 21:24:56,-8.4667,140.3333,79.97,80,100,3.74
109,Carnarvon,AU,2021-11-28 21:24:57,-24.8667,113.6333,73.47,68,0,12.66
110,Victoria,HK,2021-11-28 21:24:20,22.2855,114.1577,67.98,67,34,6.04
111,Brae,GB,2021-11-28 21:24:57,60.3964,-1.353,31.91,54,100,6.82
112,Diego De Almagro,CL,2021-11-28 21:21:28,-26.3667,-70.05,79.11,15,0,11.41
113,Imeni Babushkina,RU,2021-11-28 21:24:57,59.7573,43.1285,33.58,90,100,11.61
114,Arraial Do Cabo,BR,2021-11-28 21:24:58,-22.9661,-42.0278,76.86,78,40,6.91
115,Kitsuki,JP,2021-11-28 21:24:58,33.4167,131.6167,45.19,74,63,4.25
116,Saint-Philippe,RE,2021-11-28 21:24:58,-21.3585,55.7679,76.59,83,42,3.65
117,Kavieng,PG,2021-11-28 21:24:59,-2.5744,150.7967,81.84,78,64,8.41
118,Xichang,CN,2021-11-28 21:24:59,27.8964,102.2634,44.65,85,16,1.43
119,Mahebourg,MU,2021-11-28 21:24:59,-20.4081,57.7,73.69,83,20,3.44
120,Avarua,CK,2021-11-28 21:25:00,-21.2078,-159.775,80.65,61,20,5.75
121,Sola,VU,2021-11-28 21:25:00,-13.8833,167.55,81.27,83,75,0.0
122,Harper,LR,2021-11-28 21:25:00,4.375,-7.7169,79.3,81,64,5.08
123,Tautira,PF,2021-11-28 21:25:00,-17.7333,-149.15,86.02,80,90,18.66
124,Koutsouras,GR,2021-11-28 21:25:01,35.0339,25.9469,68.54,80,100,9.01
125,Cidreira,BR,2021-11-28 21:25:01,-30.1811,-50.2056,72.3,87,100,8.61
126,Saskylakh,RU,2021-11-28 21:25:01,71.9167,114.0833,-19.86,100,100,4.43
127,Butaritari,KI,2021-11-28 21:25:02,3.0707,172.7902,81.61,78,86,13.18
128,Shumyachi,RU,2021-11-28 21:25:02,53.8583,32.4242,36.97,93,100,10.18
129,Ribeira Grande,PT,2021-11-28 21:25:02,38.5167,-28.7,61.2,72,20,6.91
130,Khatanga,RU,2021-11-28 21:25:02,71.9667,102.5,-8.03,98,100,9.31
131,Bredasdorp,ZA,2021-11-28 21:25:03,-34.5322,20.0403,62.89,81,12,5.19
132,Mayo,US,2021-11-28 21:25:03,38.8876,-76.5119,55.44,62,1,0.0
133,Clyde River,CA,2021-11-28 21:25:03,70.4692,-68.5914,-3.77,84,100,18.41
134,Samarai,PG,2021-11-28 21:25:04,-10.6167,150.6667,82.06,81,100,8.86
135,Havoysund,NO,2021-11-28 21:26:04,70.9963,24.6622,11.28,90,55,11.3
136,Sorbhog,IN,2021-11-28 21:26:04,26.5,90.8667,59.5,66,39,4.43
137,Chubbuck,US,2021-11-28 21:26:05,42.9208,-112.4661,57.09,30,1,14.97
138,Glyadyanskoye,RU,2021-11-28 21:26:05,54.9075,65.0883,20.07,76,100,11.36
139,Lata,PT,2021-11-28 21:26:05,40.1629,-8.3327,54.01,94,97,9.08
140,Soyo,AO,2021-11-28 21:26:06,-6.1349,12.3689,78.64,89,90,5.61
141,Lavrentiya,RU,2021-11-28 21:26:06,65.5833,-171.0,-13.04,92,3,6.82
142,Chokurdakh,RU,2021-11-28 21:26:06,70.6333,147.9167,-39.03,100,79,0.58
143,Port Hardy,CA,2021-11-28 21:26:07,50.6996,-127.4199,50.18,100,75,4.61
144,Shirgaon,IN,2021-11-28 21:26:07,19.7,72.7,75.52,48,60,5.64
145,Iquique,CL,2021-11-28 21:24:18,-20.2208,-70.1431,66.24,73,95,4.88
146,Coolum Beach,AU,2021-11-28 21:26:07,-26.5333,153.1,73.0,84,100,12.44
147,Gao,ML,2021-11-28 21:26:08,16.6362,1.637,79.3,12,91,10.25
148,Quatre Cocos,MU,2021-11-28 21:26:08,-20.2078,57.7625,73.51,71,4,4.79
149,Bahia Honda,CU,2021-11-28 21:26:08,22.9036,-83.1592,75.81,63,21,8.12
150,Codrington,AU,2021-11-28 21:26:08,-38.2667,141.9667,54.66,77,1,8.21
151,Lufkin,US,2021-11-28 21:26:09,31.3382,-94.7291,64.51,72,40,3.44
152,Sabzevar,IR,2021-11-28 21:26:09,36.2126,57.6819,50.34,45,99,1.95
153,Ganzhou,CN,2021-11-28 21:26:10,28.8184,115.4327,53.98,80,7,3.91
154,Cefalu,IT,2021-11-28 21:26:10,38.0386,14.0229,53.26,74,48,10.47
155,Klaksvik,FO,2021-11-28 21:26:10,62.2266,-6.589,36.52,63,100,7.56
156,Palmer,US,2021-11-28 21:26:11,42.1584,-72.3287,34.41,64,90,0.0
157,Tuktoyaktuk,CA,2021-11-28 21:26:11,69.4541,-133.0374,-9.4,77,90,19.57
158,Itupeva,BR,2021-11-28 21:26:11,-23.1531,-47.0578,83.93,45,0,6.91
159,Labuhan,ID,2021-11-28 21:26:11,-6.8844,112.2051,75.88,90,100,3.13
160,Nanortalik,GL,2021-11-28 21:26:12,60.1432,-45.2371,41.18,93,100,13.42
161,Vero Beach,US,2021-11-28 21:26:12,27.6386,-80.3973,71.67,38,1,4.61
162,Ilo,PE,2021-11-28 21:26:12,-17.6394,-71.3375,66.96,76,92,5.1
163,Pontianak,ID,2021-11-28 21:26:13,-0.0333,109.3333,75.18,94,90,2.3
164,Yar-Sale,RU,2021-11-28 21:26:13,66.8333,70.8333,-6.25,94,100,8.1
165,Nouadhibou,MR,2021-11-28 21:26:13,20.931,-17.0347,67.98,68,100,24.16
166,Half Moon Bay,US,2021-11-28 21:26:13,37.4636,-122.4286,68.18,55,1,3.44
167,Kruisfontein,ZA,2021-11-28 21:26:14,-34.0033,24.7314,63.09,78,2,17.54
168,Pevek,RU,2021-11-28 21:26:14,69.7008,170.3133,1.9,89,100,1.79
169,Longyearbyen,SJ,2021-11-28 21:26:14,78.2186,15.6401,10.24,61,75,19.57
170,Bluff,NZ,2021-11-28 21:26:15,-46.6,168.3333,55.81,68,53,19.35
171,Hobyo,SO,2021-11-28 21:26:15,5.3505,48.5268,81.54,76,42,15.14
172,Andenes,NO,2021-11-28 21:26:15,69.3143,16.1194,28.38,86,75,16.11
173,Sabya,SA,2021-11-28 21:26:15,17.1495,42.6254,82.02,68,1,5.12
174,Road Town,VG,2021-11-28 21:26:16,18.4167,-64.6167,84.24,74,40,5.75
175,Fuyu,CN,2021-11-28 21:26:16,45.1833,124.8167,18.72,89,70,8.12
176,Prabumulih,ID,2021-11-28 21:26:16,-3.45,104.25,72.32,88,91,0.72
177,Puerto Ayora,EC,2021-11-28 21:27:17,-0.7393,-90.3518,76.96,81,85,10.18
178,Severo-Kurilsk,RU,2021-11-28 21:27:17,50.6789,156.125,32.68,93,100,11.95
179,Vilyuysk,RU,2021-11-28 21:27:17,63.7553,121.6247,-12.06,99,95,4.74
180,Mecca,SA,2021-11-28 21:22:39,21.4267,39.8261,78.94,55,0,2.15
181,Mount Gambier,AU,2021-11-28 21:27:18,-37.8333,140.7667,55.31,82,0,8.05
182,Kirakira,SB,2021-11-28 21:25:10,-10.4544,161.9205,83.16,77,86,6.89
183,Starokucherganovka,RU,2021-11-28 21:27:18,46.3248,47.9555,35.53,93,75,6.71
184,Olga,RU,2021-11-28 21:27:18,43.7444,135.2892,33.84,57,59,4.68
185,Bloemhof,ZA,2021-11-28 21:27:18,-27.6469,25.607,69.24,23,3,7.9
186,Codajas,BR,2021-11-28 21:27:19,-3.8367,-62.0569,82.44,80,95,1.05
187,Synya,RU,2021-11-28 21:27:19,65.3718,58.0387,16.36,96,100,4.9
188,Bambous Virieux,MU,2021-11-28 21:27:19,-20.3428,57.7575,73.65,83,20,3.44
189,Jeremie,HT,2021-11-28 21:27:20,18.65,-74.1167,79.32,77,46,4.83
190,Chistogorskiy,RU,2021-11-28 21:27:20,53.9835,87.3843,19.99,94,100,5.06
191,Lopandino,RU,2021-11-28 21:27:20,52.4666,34.8163,41.18,95,100,12.28
192,Strelka,RU,2021-11-28 21:27:20,58.0728,93.0344,23.77,89,100,13.38
193,Leshukonskoye,RU,2021-11-28 21:27:21,64.8989,45.7622,11.7,93,100,6.85
194,Vao,NC,2021-11-28 21:27:21,-22.6667,167.4833,75.92,88,22,21.56
195,Aleksandrovsk-Sakhalinskiy,RU,2021-11-28 21:27:21,50.8975,142.1561,25.32,93,100,4.94
196,Whitehorse,CA,2021-11-28 21:27:22,60.7161,-135.0538,-3.23,77,20,0.0
197,Kurchum,KZ,2021-11-28 21:27:22,48.5722,83.6542,7.38,82,3,3.11
198,Coquimbo,CL,2021-11-28 21:25:58,-29.9533,-71.3436,64.13,72,0,13.8
199,Nova Zagora,BG,2021-11-28 21:27:22,42.4833,26.0167,55.67,81,97,10.09
200,Broken Hill,AU,2021-11-28 21:27:23,-31.95,141.4333,69.51,56,10,8.05
201,Sept-Iles,CA,2021-11-28 21:27:23,50.2001,-66.3821,30.72,69,75,9.22
202,Kaitangata,NZ,2021-11-28 21:27:23,-46.2817,169.8464,58.39,50,100,6.93
203,Emerald,AU,2021-11-28 21:27:23,-23.5333,148.1667,75.34,100,75,8.05
204,Bartica,GY,2021-11-28 21:27:24,6.4,-58.6167,82.72,93,100,3.2
205,Asau,RO,2021-11-28 21:27:24,46.4333,26.4,41.92,72,100,4.79
206,Escanaba,US,2021-11-28 21:26:10,45.7453,-87.0646,35.56,55,90,6.91
207,Bethel,US,2021-11-28 21:25:00,41.3712,-73.414,37.98,75,90,3.44
208,Porto-Vecchio,FR,2021-11-28 21:27:24,41.591,9.2795,49.66,71,75,13.8
209,Susanville,US,2021-11-28 21:27:25,40.4163,-120.653,62.83,34,48,1.81
210,Banda Aceh,ID,2021-11-28 21:27:25,5.5577,95.3222,77.36,82,98,2.84
211,Zamora,EC,2021-11-28 21:27:25,-4.0692,-78.9567,81.64,61,72,4.79
212,Azare,NG,2021-11-28 21:27:26,11.6765,10.1948,75.34,17,82,8.97
213,Owando,CG,2021-11-28 21:27:26,-0.4819,15.8999,72.48,90,90,2.59
214,Chuy,UY,2021-11-28 21:27:26,-33.6971,-53.4616,66.07,96,100,4.14
215,Vaals,NL,2021-11-28 21:27:26,50.7708,6.0181,34.48,97,100,7.27
216,Christchurch,NZ,2021-11-28 21:24:13,-43.5333,172.6333,57.4,94,90,6.91
217,Iskateley,RU,2021-11-28 21:27:27,67.6803,53.1512,-7.38,100,83,5.64
218,Najran,SA,2021-11-28 21:27:27,17.4924,44.1277,61.45,37,3,0.51
219,Bandarbeyla,SO,2021-11-28 21:27:27,9.4942,50.8122,77.7,75,36,18.81
220,Fallon,US,2021-11-28 21:27:28,39.4735,-118.7774,57.07,21,1,0.0
221,Amahai,ID,2021-11-28 21:28:28,-3.3333,128.9167,78.26,85,88,3.53
222,Plettenberg Bay,ZA,2021-11-28 21:28:28,-34.0527,23.3716,64.67,83,81,8.46
223,Jinxiang,CN,2021-11-28 21:28:28,27.4327,120.6062,60.49,90,100,9.82
224,North Bend,US,2021-11-28 21:28:29,43.4065,-124.2243,57.11,88,40,9.22
225,Mount Isa,AU,2021-11-28 21:28:29,-20.7333,139.5,78.57,27,40,9.22
226,Tilichiki,RU,2021-11-28 21:28:29,60.4667,166.1,22.28,93,100,10.31
227,Qaqortoq,GL,2021-11-28 21:28:30,60.7167,-46.0333,36.1,98,100,9.19
228,Moorhead,US,2021-11-28 21:28:30,46.8739,-96.7676,35.56,51,90,6.91
229,Murmashi,RU,2021-11-28 21:28:30,68.8154,32.8115,0.16,96,48,4.07
230,Sarkikaraagac,TR,2021-11-28 21:28:30,38.0794,31.3664,50.7,86,6,7.83
231,Qasigiannguit,GL,2021-11-28 21:28:31,68.8193,-51.1922,19.65,86,100,4.81
232,Luderitz,NA,2021-11-28 21:28:31,-26.6481,15.1594,61.3,84,8,8.93
233,Leningradskiy,RU,2021-11-28 21:28:31,69.3833,178.4167,-20.92,94,89,11.32
234,Cabo San Lucas,MX,2021-11-28 21:25:06,22.8909,-109.9124,81.7,65,90,4.61
235,Urengoy,RU,2021-11-28 21:28:32,65.9667,78.3667,-23.12,100,82,3.67
236,Kamaishi,JP,2021-11-28 21:28:32,39.2667,141.8833,40.46,71,4,5.08
237,Kamenka,RU,2021-11-28 21:28:32,51.3223,42.7678,41.86,94,100,8.39
238,Ancud,CL,2021-11-28 21:28:32,-41.8697,-73.8203,58.53,69,73,9.15
239,Cherskiy,RU,2021-11-28 21:28:33,68.75,161.3,-11.42,99,100,6.53
240,Jumla,NP,2021-11-28 21:28:33,29.2747,82.1838,39.51,63,0,4.65
241,Naze,JP,2021-11-28 21:28:33,28.3667,129.4833,63.79,66,100,15.14
242,Seydisehir,TR,2021-11-28 21:28:34,37.4193,31.8453,48.78,91,36,5.95
243,Dzaoudzi,YT,2021-11-28 21:28:34,-12.7887,45.2699,78.69,89,20,5.75
244,Mandurah,AU,2021-11-28 21:28:34,-32.55,115.7,59.25,83,12,13.38
245,Mandalgovi,MN,2021-11-28 21:28:34,45.7625,106.2708,14.32,86,42,13.76
246,Omboue,GA,2021-11-28 21:28:35,-1.5746,9.2618,77.04,87,72,6.33
247,Berlevag,NO,2021-11-28 21:28:35,70.8578,29.0864,12.2,72,36,29.93
248,Kyren,RU,2021-11-28 21:28:35,51.6828,102.1408,9.16,84,76,2.46
249,Yulara,AU,2021-11-28 21:28:36,-25.2406,130.9889,62.44,45,0,4.61
250,Souillac,MU,2021-11-28 21:28:36,-20.5167,57.5167,73.78,83,20,3.44
251,Birin,NP,2021-11-28 21:28:36,26.8865,88.0718,47.91,63,4,5.53
252,Coahuayana,MX,2021-11-28 21:28:36,18.7333,-103.6833,92.68,41,0,7.4
253,Bengkulu,ID,2021-11-28 21:28:37,-3.8004,102.2655,75.85,85,100,4.72
254,Ambulu,ID,2021-11-28 21:28:37,-8.345,113.6058,73.31,90,100,3.27
255,Nalut,LY,2021-11-28 21:28:37,30.3333,10.85,53.85,65,5,17.18
256,Pacific Grove,US,2021-11-28 21:26:30,36.6177,-121.9166,74.88,33,1,6.91
257,Agirish,RU,2021-11-28 21:28:38,61.9247,63.0231,22.87,94,100,8.9
258,Fort Frances,CA,2021-11-28 21:28:38,48.5999,-93.4003,26.82,63,1,4.61
259,Skibbereen,IE,2021-11-28 21:28:38,51.55,-9.2667,48.0,85,100,10.92
260,Cochrane,CA,2021-11-28 21:23:48,51.1834,-114.4687,56.03,44,75,13.8
261,Vardo,NO,2021-11-28 21:28:38,70.3705,31.1107,15.78,86,90,13.8
262,Puerto Escondido,MX,2021-11-28 21:28:39,15.85,-97.0667,86.83,58,40,8.05
263,Acari,PE,2021-11-28 21:28:39,-15.4311,-74.6158,75.88,60,73,9.1
264,Morgan City,US,2021-11-28 21:28:39,29.6994,-91.2068,64.4,72,20,6.91
265,Tuatapere,NZ,2021-11-28 21:28:40,-46.1333,167.6833,58.75,46,22,3.49
266,Otane,NZ,2021-11-28 21:28:40,-39.8833,176.6333,70.38,61,58,1.61
267,Saint-Augustin,CA,2021-11-28 21:28:40,51.226,-58.6502,34.32,84,99,23.71
268,Marsh Harbour,BS,2021-11-28 21:29:40,26.5412,-77.0636,72.46,65,96,3.56
269,Hambantota,LK,2021-11-28 21:29:41,6.1241,81.1185,75.54,100,40,0.0
270,Inhambane,MZ,2021-11-28 21:27:52,-23.865,35.3833,71.83,68,1,11.52
271,Hamilton,US,2021-11-28 21:25:30,39.1834,-84.5333,45.84,35,1,12.66
272,Campbell River,CA,2021-11-28 21:29:41,50.0163,-125.2446,47.12,100,90,2.3
273,Lircay,PE,2021-11-28 21:29:41,-12.9896,-74.7205,61.34,58,97,4.68
274,Saldanha,ZA,2021-11-28 21:29:42,-33.0117,17.9442,62.65,85,26,5.35
275,Tessalit,ML,2021-11-28 21:29:42,20.1986,1.0114,76.86,25,100,8.41
276,Sitka,US,2021-11-28 21:29:42,57.0531,-135.33,35.49,69,75,18.41
277,Neiafu,TO,2021-11-28 21:29:43,-18.65,-173.9833,83.08,61,20,11.5
278,Bac Lieu,VN,2021-11-28 21:29:43,9.285,105.7244,74.95,98,100,9.15
279,Sakakah,SA,2021-11-28 21:29:43,29.9697,40.2064,58.57,34,3,4.63
280,Calbe,DE,2021-11-28 21:29:43,51.9,11.7667,32.67,87,82,4.21
281,Baruun-Urt,MN,2021-11-28 21:29:44,46.6806,113.2792,7.81,98,84,5.1
282,Lagoa,PT,2021-11-28 21:29:44,39.05,-27.9833,60.39,55,63,1.9
283,Libertador General San Martin,AR,2021-11-28 21:29:44,-23.8064,-64.7876,74.17,63,92,2.39
284,Olonets,RU,2021-11-28 21:29:45,60.9847,32.9698,20.32,87,100,6.51
285,Mackenzie,CA,2021-11-28 21:29:45,55.2999,-123.1698,41.22,75,90,6.91
286,Okato,NZ,2021-11-28 21:29:45,-39.2,173.8833,64.63,82,76,6.73
287,Derzhavinsk,KZ,2021-11-28 21:29:45,51.1,66.3167,8.91,77,100,4.03
288,George Town,MY,2021-11-28 21:29:46,5.4112,100.3354,76.95,88,20,0.0
289,Dhampur,IN,2021-11-28 21:29:46,29.3167,78.5167,57.69,46,0,4.94
290,Nara,JP,2021-11-28 21:29:24,34.6851,135.8049,40.28,64,36,2.71
291,Sibiti,CG,2021-11-28 21:29:46,-3.6819,13.3499,68.47,97,80,1.34
292,Luba,GQ,2021-11-28 21:29:47,3.4568,8.5547,78.69,79,92,6.51
293,Valleyview,CA,2021-11-28 21:29:47,55.0667,-117.2859,42.84,65,88,6.91
294,Hassleholm,SE,2021-11-28 21:29:47,56.1591,13.7664,35.38,91,100,12.91
295,Alofi,NU,2021-11-28 21:29:47,-19.0595,-169.9187,80.49,50,57,16.11
296,Xining,CN,2021-11-28 21:29:48,36.6167,101.7667,22.15,79,100,3.24
297,Karratha,AU,2021-11-28 21:29:48,-20.7377,116.8463,80.71,63,34,3.18
298,Inirida,CO,2021-11-28 21:29:48,3.8653,-67.9239,79.11,93,97,1.05
299,Seka,TH,2021-11-28 21:29:49,17.9285,103.9552,61.14,83,95,5.01
300,Cine,TR,2021-11-28 21:29:49,37.6117,28.0614,68.9,65,100,6.38
301,Okha,RU,2021-11-28 21:29:49,53.5739,142.9478,22.19,70,100,8.46
302,Ngerengere,TZ,2021-11-28 21:29:49,-6.75,38.1167,73.58,94,100,1.39
303,Narsaq,GL,2021-11-28 21:29:50,60.9167,-46.05,35.82,99,100,2.95
304,Laguna,US,2021-11-28 21:25:29,38.421,-121.4238,71.42,57,1,8.05
305,Vanimo,PG,2021-11-28 21:29:50,-2.6741,141.3028,77.32,89,99,5.5
306,Mayskiy,RU,2021-11-28 21:29:50,47.6931,40.1025,47.61,96,100,8.34
307,Nador,MA,2021-11-28 21:29:51,35.174,-2.9287,55.65,62,20,19.57
308,Norman Wells,CA,2021-11-28 21:29:51,65.282,-126.8329,-23.76,69,75,2.3
309,Waipawa,NZ,2021-11-28 21:29:51,-41.4122,175.5153,65.03,67,71,5.5
310,Ambilobe,MG,2021-11-28 21:30:51,-13.2,49.05,74.86,88,57,2.48
311,Nagua,DO,2021-11-28 21:30:52,19.3832,-69.8474,84.25,84,40,11.5
312,Lensk,RU,2021-11-28 21:30:52,60.7253,114.9278,3.7,98,100,2.73
313,Comodoro Rivadavia,AR,2021-11-28 21:30:38,-45.8667,-67.5,73.26,25,0,29.93
314,Pio Xii,BR,2021-11-28 21:30:53,-3.8325,-45.1525,80.47,71,65,2.01
315,Talara,PE,2021-11-28 21:30:53,-4.5772,-81.2719,74.16,64,0,14.97
316,Seymchan,RU,2021-11-28 21:30:53,62.8833,152.4333,-20.49,98,100,0.81
317,Bundaberg,AU,2021-11-28 21:30:53,-24.85,152.35,73.69,100,90,8.05
318,Grand Gaube,MU,2021-11-28 21:30:54,-20.0064,57.6608,73.8,69,5,7.83
319,Itapage,BR,2021-11-28 21:30:54,-3.6867,-39.5861,79.21,71,29,7.34
320,Vacha,RU,2021-11-28 21:30:54,55.8008,42.7706,29.97,97,100,4.25
321,Kaoma,ZM,2021-11-28 21:30:55,-14.7833,24.8,69.76,65,95,5.19
322,Silifke,TR,2021-11-28 21:30:55,36.3778,33.9344,63.36,66,49,1.39
323,Hay River,CA,2021-11-28 21:30:55,60.8156,-115.7999,8.58,78,90,11.5
324,Wagar,SD,2021-11-28 21:30:56,16.1525,36.2032,77.36,68,2,12.88
325,Balagansk,RU,2021-11-28 21:30:56,54.0103,103.0544,20.55,94,100,8.46
326,Jinka,ET,2021-11-28 21:30:56,5.65,36.65,67.59,64,86,2.21
327,Isangel,VU,2021-11-28 21:30:56,-19.55,169.2667,78.91,94,90,0.0
328,Dombarovskiy,RU,2021-11-28 21:30:57,50.7587,59.5386,18.82,88,100,4.85
329,Upernavik,GL,2021-11-28 21:30:57,72.7868,-56.1549,-9.2,78,10,9.82
330,San Cristobal,VE,2021-11-28 21:30:57,7.7669,-72.225,77.18,69,52,1.1
331,Key Largo,US,2021-11-28 21:29:05,25.0865,-80.4473,78.8,71,21,4.88
332,Nhulunbuy,AU,2021-11-28 21:30:58,-12.2333,136.7667,77.61,83,72,0.0
333,Turukhansk,RU,2021-11-28 21:30:58,65.8167,87.9833,-16.08,100,92,2.24
334,Hirado,JP,2021-11-28 21:30:58,33.3597,129.5531,47.55,63,40,8.05
335,Lyngseidet,NO,2021-11-28 21:30:59,69.5763,20.2189,24.89,87,100,12.57
336,Sosua,DO,2021-11-28 21:30:59,19.7667,-70.5167,87.78,74,20,11.5
337,Roxas,PH,2021-11-28 21:30:59,11.5853,122.7511,78.06,89,50,6.26
338,Porto Novo,BJ,2021-11-28 21:31:00,6.4965,2.6036,84.02,80,77,7.49
339,Faya,SA,2021-11-28 21:31:00,18.3851,42.4509,57.31,39,0,5.44
340,Port-Cartier,CA,2021-11-28 21:29:05,50.0334,-66.8654,30.42,66,100,13.73
341,Provideniya,RU,2021-11-28 21:31:00,64.3833,-173.3,-5.69,59,0,8.95
342,Am Timan,TD,2021-11-28 21:31:01,11.0297,20.2827,79.16,22,5,5.77
343,Key West,US,2021-11-28 21:26:58,24.5557,-81.7826,75.2,68,1,5.75
344,Bathsheba,BB,2021-11-28 21:31:01,13.2167,-59.5167,83.01,74,40,13.8
345,Aksarka,RU,2021-11-28 21:31:01,66.5606,67.7975,0.09,91,100,4.7
346,Kuusamo,FI,2021-11-28 21:31:02,65.9667,29.1833,-2.16,84,90,1.14
347,Paamiut,GL,2021-11-28 21:31:02,61.994,-49.6678,38.08,91,100,24.47
348,Margate,GB,2021-11-28 21:31:02,51.3813,1.3862,33.66,79,32,24.2
349,Charters Towers,AU,2021-11-28 21:31:03,-20.1,146.2667,80.46,68,37,12.19
350,Zhigansk,RU,2021-11-28 21:31:03,66.7697,123.3711,-7.4,99,100,5.68
351,Leh,IN,2021-11-28 21:27:02,34.1667,77.5833,14.45,65,1,2.51
352,Saint Anthony,US,2021-11-28 21:30:52,45.0205,-93.218,40.15,30,1,9.22
353,San Diego,US,2021-11-28 21:30:15,32.7153,-117.1573,87.08,21,1,6.91
354,Amazar,RU,2021-11-28 21:31:04,53.858,120.875,1.27,89,67,1.66
355,Iqaluit,CA,2021-11-28 21:29:50,63.7506,-68.5145,24.53,68,90,13.8
356,Dingle,PH,2021-11-28 21:31:04,10.9995,122.6711,75.34,94,52,6.69
357,Chicama,PE,2021-11-28 21:31:04,-7.8447,-79.1469,63.14,76,100,8.84
358,Sao Gotardo,BR,2021-11-28 21:32:05,-19.3111,-46.0489,68.9,73,18,6.11
359,Ayorou,NE,2021-11-28 21:32:05,14.7308,0.9174,81.27,12,99,9.71
360,Sinnamary,GF,2021-11-28 21:32:05,5.3833,-52.95,78.67,82,19,8.95
361,Mogocha,RU,2021-11-28 21:32:06,53.7333,119.7667,-3.1,98,61,1.95
362,Adrar,MR,2021-11-28 21:32:06,20.5022,-10.0711,60.93,35,0,10.83
363,Bontang,ID,2021-11-28 21:32:06,0.1333,117.5,75.09,90,100,4.79
364,Ingham,US,2021-11-28 21:32:06,42.6,-84.3833,35.78,75,90,17.27
365,Ixtapa,MX,2021-11-28 21:32:07,20.7,-105.2,81.63,61,20,9.22
366,Vila Franca Do Campo,PT,2021-11-28 21:32:07,37.7167,-25.4333,59.41,66,94,5.06
367,Port Elizabeth,ZA,2021-11-28 21:32:07,-33.918,25.5701,64.69,77,0,24.16
368,Pangnirtung,CA,2021-11-28 21:32:08,66.1451,-65.7125,26.6,50,75,16.11
369,Tlachichuca,MX,2021-11-28 21:32:08,19.1,-97.4167,58.75,59,100,4.79
370,Port Lincoln,AU,2021-11-28 21:32:08,-34.7333,135.8667,63.54,64,1,7.07
371,Susurluk,TR,2021-11-28 21:32:08,39.9136,28.1578,60.58,47,37,11.41
372,Kautokeino,NO,2021-11-28 21:32:09,69.0125,23.0412,-6.72,100,100,6.6
373,Lazaro Cardenas,MX,2021-11-28 21:32:09,17.9583,-102.2,83.71,58,5,9.24
374,Narrabri,AU,2021-11-28 21:32:09,-30.3167,149.7833,64.49,88,75,8.05
375,Leland,US,2021-11-28 21:27:33,34.2563,-78.0447,64.42,29,1,10.36
376,Campo Maior,BR,2021-11-28 21:32:09,-4.8278,-42.1686,83.5,57,85,1.9
377,Nuevo Progreso,MX,2021-11-28 21:32:10,23.1667,-97.95,72.93,62,96,13.89
378,Mokshan,RU,2021-11-28 21:32:10,53.4365,44.6132,34.21,100,100,5.32
379,Tiznit,MA,2021-11-28 21:32:10,29.5833,-9.5,56.59,42,0,4.07
380,Maniitsoq,GL,2021-11-28 21:32:11,65.4167,-52.9,36.86,98,100,25.57
381,Kirovsk,UA,2021-11-28 21:32:11,48.6375,38.6428,49.96,96,100,12.86
382,Slave Lake,CA,2021-11-28 21:32:11,55.2834,-114.769,31.98,80,90,6.91
383,Evensk,RU,2021-11-28 21:32:12,61.95,159.2333,15.87,95,100,3.83
384,Maceio,BR,2021-11-28 21:32:12,-9.6658,-35.7353,83.64,74,75,9.22
385,Isabela,PH,2021-11-28 21:32:12,6.7085,121.9711,77.05,84,52,4.38
386,Charlestown,AU,2021-11-28 21:32:12,-32.95,151.6667,62.38,76,97,5.5
387,Hami,CN,2021-11-28 21:32:13,42.8,93.45,24.33,56,0,4.29
388,Sibut,CF,2021-11-28 21:32:13,5.718,19.0739,75.79,37,99,2.17
389,Marienburg,PL,2021-11-28 21:32:14,54.0359,19.0266,33.46,97,100,6.42
390,Maraa,BR,2021-11-28 21:32:14,-1.8333,-65.3667,76.55,93,90,3.09
391,Saint-Georges,GD,2021-11-28 21:29:10,12.0564,-61.7485,85.68,74,20,19.57
392,Vestmanna,FO,2021-11-28 21:32:15,62.1564,-7.1664,34.72,80,90,0.0
393,Marawi,PH,2021-11-28 21:32:15,7.9986,124.2928,68.14,91,52,2.01
394,Georgiyevskoye,RU,2021-11-28 21:32:15,58.731,45.024,35.08,81,100,12.3
395,Nizamabad,IN,2021-11-28 21:32:15,18.6667,78.1167,64.51,56,70,4.43
396,Constitucion,CL,2021-11-28 21:32:16,-35.3333,-72.4167,62.06,59,7,19.6
397,Krasnyy Oktyabr,RU,2021-11-28 21:32:16,56.1167,38.8833,27.28,98,100,3.06
398,Trat,TH,2021-11-28 21:32:16,12.5,102.5,70.47,88,100,7.92
399,Mahuva,IN,2021-11-28 21:32:17,21.0914,71.7622,75.94,54,100,9.37
400,Paranagua,BR,2021-11-28 21:32:17,-25.52,-48.5092,83.89,89,100,2.84
401,Ahuimanu,US,2021-11-28 21:32:17,21.4447,-157.8378,82.11,62,1,12.66
402,Stryn,NO,2021-11-28 21:32:18,61.9045,6.7226,18.32,80,38,6.08
403,Qui Nhon,VN,2021-11-28 21:32:18,13.7667,109.2333,76.32,91,100,4.81
404,Lakefield,US,2021-11-28 21:33:18,43.6775,-95.1717,44.08,30,40,4.61
405,Mazamari,PE,2021-11-28 21:33:18,-11.3258,-74.5308,76.87,78,100,3.22
406,Raga,SS,2021-11-28 21:33:19,8.4596,25.678,79.16,32,7,3.91
407,Galveston,US,2021-11-28 21:33:19,29.3669,-94.9669,60.91,77,90,9.22
408,Touros,BR,2021-11-28 21:33:19,-5.1989,-35.4608,83.3,78,49,11.18
409,Kaili,ID,2021-11-28 21:33:20,-3.4626,120.2147,66.88,97,100,1.57
410,Luanda,AO,2021-11-28 21:33:20,-8.8368,13.2343,78.8,78,75,6.91
411,Trairi,BR,2021-11-28 21:29:49,-3.2778,-39.2689,81.48,75,45,11.56
412,Tricase,IT,2021-11-28 21:33:21,39.9304,18.3553,56.55,71,61,15.01
413,Bima,ID,2021-11-28 21:33:21,-8.4667,118.7167,75.85,92,100,3.09
414,Ankpa,NG,2021-11-28 21:33:21,7.3706,7.6253,78.6,38,75,1.25
415,Salta,AR,2021-11-28 21:30:30,-24.7859,-65.4117,70.09,68,90,2.3
416,Alta Floresta,BR,2021-11-28 21:33:22,-9.8756,-56.0861,78.04,78,66,1.88
417,Goderich,CA,2021-11-28 21:33:22,43.7501,-81.7165,34.12,93,100,9.22
418,Pangkalanbuun,ID,2021-11-28 21:33:15,-2.6833,111.6167,70.63,98,100,2.51
419,Karaton,ID,2021-11-28 21:33:22,-6.3424,106.1045,75.36,95,100,4.41
420,Sechura,PE,2021-11-28 21:33:23,-5.5569,-80.8222,75.51,61,88,18.12
421,Along,IN,2021-11-28 21:33:23,28.1667,94.7667,50.9,64,0,1.61
422,Sumbe,AO,2021-11-28 21:33:23,-11.2061,13.8437,76.35,88,73,7.36
423,Broome,US,2021-11-28 21:33:24,42.2506,-75.833,32.77,100,90,6.91
424,Boueni,YT,2021-11-28 21:33:24,-12.9025,45.0761,78.78,78,21,4.32
425,Prestea,GH,2021-11-28 21:33:24,5.4327,-2.1428,75.56,94,99,2.71
426,Fare,PF,2021-11-28 21:33:24,-16.7,-151.0167,81.43,74,87,12.5
427,Fraga,ES,2021-11-28 21:33:25,41.5229,0.3489,41.83,83,97,16.4
428,Gisborne,NZ,2021-11-28 21:30:04,-38.6533,178.0042,69.01,68,56,5.95
429,Little Current,CA,2021-11-28 21:33:25,45.9793,-81.9248,28.49,89,100,6.31
430,Nybro,SE,2021-11-28 21:33:25,56.7446,15.9071,36.41,82,100,8.32
431,Stabat,ID,2021-11-28 21:33:26,3.761,98.4513,75.4,96,100,2.75
432,Cururupu,BR,2021-11-28 21:33:26,-1.8283,-44.8683,77.54,86,51,3.4
433,Tigil,RU,2021-11-28 21:33:27,57.8,158.6667,-3.71,94,99,5.32
434,Tonk,IN,2021-11-28 21:33:27,26.1667,75.7833,66.0,48,37,3.94
435,Myitkyina,MM,2021-11-28 21:33:27,25.3833,97.4,56.12,71,4,2.06
436,Cap Malheureux,MU,2021-11-28 21:33:28,-19.9842,57.6142,73.89,70,5,8.1
437,Caravelas,BR,2021-11-28 21:31:43,-17.7125,-39.2481,74.62,94,62,12.01
438,Kloulklubed,PW,2021-11-28 21:33:28,7.0419,134.2556,77.5,70,60,11.45
439,Jardim,BR,2021-11-28 21:33:28,-21.4803,-56.1381,85.1,56,45,5.91
440,Fort Smith,US,2021-11-28 21:33:29,35.3859,-94.3986,64.44,34,1,9.22
441,Yichang,CN,2021-11-28 21:33:29,30.7144,111.2847,50.16,57,65,1.28
442,Mago,RU,2021-11-28 21:33:29,53.2514,140.1822,19.69,96,100,3.2
443,Korla,CN,2021-11-28 21:33:20,41.7597,86.1469,22.71,58,0,3.15
444,Kuytun,RU,2021-11-28 21:33:30,54.3419,101.5036,19.53,87,100,10.04
445,Henties Bay,NA,2021-11-28 21:33:30,-22.116,14.2845,59.77,92,0,8.01
446,Killybegs,IE,2021-11-28 21:33:30,54.6333,-8.45,44.06,70,83,2.19
447,Zenzeli,RU,2021-11-28 21:33:31,45.9241,47.0474,44.76,92,81,9.75
448,Petropavlovsk-Kamchatskiy,RU,2021-11-28 21:33:31,53.0452,158.6483,9.19,67,0,2.24
449,Riyadh,SA,2021-11-28 21:28:42,24.6877,46.7219,60.94,34,0,7.87
450,Kununurra,AU,2021-11-28 21:34:31,-15.7667,128.7333,76.98,83,58,1.14
451,Singkang,MY,2021-11-28 21:34:32,2.1006,102.7994,75.09,91,100,3.36
452,Sistranda,NO,2021-11-28 21:34:32,63.7256,8.834,21.16,79,93,17.76
453,Vagay,RU,2021-11-28 21:34:32,57.9375,69.0217,21.38,83,100,7.76
454,Ostrovnoy,RU,2021-11-28 21:34:33,68.0531,39.5131,14.95,84,100,8.81
455,Mackay,AU,2021-11-28 21:34:33,-21.15,149.2,73.38,94,90,6.91
456,Shieli,KZ,2021-11-28 21:34:33,44.1667,66.75,35.49,35,0,6.64
457,Bereda,ES,2021-11-28 21:34:33,43.2686,-7.5406,47.95,96,100,6.04
458,Thinadhoo,MV,2021-11-28 21:34:34,0.5333,72.9333,81.95,72,77,19.39
459,Asfi,MA,2021-11-28 21:34:34,32.2994,-9.2372,56.8,58,0,17.9
460,Vaitape,PF,2021-11-28 21:34:35,-16.5167,-151.75,81.54,73,100,10.42
461,Los Llanos De Aridane,ES,2021-11-28 21:34:35,28.6585,-17.9182,62.35,72,40,23.02
462,Dalby,AU,2021-11-28 21:34:35,-27.1833,151.2667,68.7,71,27,14.88
463,Perelyub,RU,2021-11-28 21:34:36,51.8667,50.3667,32.63,89,100,10.69
464,Mehamn,NO,2021-11-28 21:34:36,71.0357,27.8492,14.18,73,37,21.85
465,Mangai,CD,2021-11-28 21:34:36,-4.05,19.5333,69.39,97,95,1.16
466,Aleksandrov Gay,RU,2021-11-28 21:34:37,50.147,48.5704,36.9,79,83,8.66
467,Slonim,BY,2021-11-28 21:34:37,53.0867,25.3219,36.45,98,100,7.94
468,Wasilla,US,2021-11-28 21:34:37,61.5814,-149.4394,0.52,79,1,0.0
469,Havelock,US,2021-11-28 21:32:13,34.8791,-76.9013,60.78,44,97,5.75
470,Cockburn Town,TC,2021-11-28 21:34:37,21.4612,-71.1419,78.76,73,40,9.22
471,Crossfield,CA,2021-11-28 21:34:38,51.4334,-114.0353,56.35,73,58,4.03
472,Maragogi,BR,2021-11-28 21:34:38,-9.0122,-35.2225,80.15,82,28,13.13
473,Gallup,US,2021-11-28 21:34:38,35.5281,-108.7426,61.56,26,1,5.75
474,Pedasi,PA,2021-11-28 21:34:39,7.5333,-80.0333,80.8,80,46,12.8
475,Shahe,CN,2021-11-28 21:34:39,39.2708,113.5478,34.86,88,100,6.02
476,Jiaojiang,CN,2021-11-28 21:34:39,28.6803,121.4428,58.41,94,82,5.26
477,Tonj,SS,2021-11-28 21:34:40,7.2737,28.6822,81.07,43,23,4.5
478,College,US,2021-11-28 21:34:40,64.8569,-147.8028,-20.54,71,40,4.61
479,Te Anau,NZ,2021-11-28 21:33:28,-45.4167,167.7167,63.27,41,18,1.1
480,Visnes,NO,2021-11-28 21:34:40,59.3556,5.2242,26.49,80,0,4.61
481,Kalianget,ID,2021-11-28 21:34:40,-7.05,113.9333,74.95,91,100,4.29
482,Maarianhamina,AX,2021-11-28 21:34:41,60.0973,19.9348,22.86,86,90,9.22
483,Eyl,SO,2021-11-28 21:34:41,7.9803,49.8164,76.89,72,38,14.67
484,Sumbawanga,TZ,2021-11-28 21:34:41,-7.9667,31.6167,63.57,66,93,3.78
485,Wattegama,LK,2021-11-28 21:34:42,6.7989,81.4808,74.32,94,99,2.75
486,Mabaruma,GY,2021-11-28 21:34:42,8.2,-59.7833,77.0,88,40,4.61
487,Krasnoselkup,RU,2021-11-28 21:34:42,65.7,82.4667,-19.93,100,76,5.44
488,San Quintin,MX,2021-11-28 21:34:42,30.4833,-115.95,71.96,39,0,10.98
489,San Patricio,US,2021-11-28 21:34:43,28.017,-97.5169,70.21,63,100,10.13
490,Tianpeng,CN,2021-11-28 21:34:43,30.9866,103.9393,52.27,80,100,2.71
491,Arman,RU,2021-11-28 21:35:43,59.7,150.1667,11.55,93,100,3.11
492,Polyarnyy,RU,2021-11-28 21:35:43,69.1989,33.4478,6.87,90,16,12.15
493,Kayerkan,RU,2021-11-28 21:35:44,69.3497,87.7602,-14.33,100,86,3.65
494,Sur,OM,2021-11-28 21:35:44,22.5667,59.5289,73.11,59,0,1.36
495,Barzas,RU,2021-11-28 21:35:44,55.7167,86.3167,17.83,94,100,9.17
496,Canakkale,TR,2021-11-28 21:35:45,40.0833,26.8333,61.38,61,30,16.78
497,Saint-Joseph,RE,2021-11-28 21:35:45,-21.3667,55.6167,75.58,86,35,5.91
498,Mayor Pablo Lagerenza,PY,2021-11-28 21:35:45,-19.9309,-60.7718,76.24,85,98,13.33
499,Nabire,ID,2021-11-28 21:35:45,-3.3667,135.4833,78.39,85,98,2.95
500,Biak,ID,2021-11-28 21:34:32,-0.9131,122.8766,76.23,83,100,4.21
501,Rubtsovsk,RU,2021-11-28 21:35:46,51.5,81.25,12.13,83,14,6.02
502,Mopipi,BW,2021-11-28 21:35:46,-21.1833,24.8833,78.96,47,82,8.95
503,Mildura,AU,2021-11-28 21:35:46,-34.2,142.15,69.76,46,0,4.61
504,Ullapool,GB,2021-11-28 21:35:47,57.8987,-5.1604,32.43,80,90,4.23
505,Lodja,CD,2021-11-28 21:35:47,-3.4833,23.4333,68.5,94,39,1.32
506,Kjollefjord,NO,2021-11-28 21:35:47,70.9457,27.3465,14.05,73,30,21.85
507,Gberia Fotombu,SL,2021-11-28 21:35:47,9.8833,-11.1667,75.24,49,6,3.18
508,Gold Coast,AU,2021-11-28 21:35:48,-28.0,153.4333,71.67,78,75,11.5
509,Eyrarbakki,IS,2021-11-28 21:35:48,63.863,-21.1481,41.05,97,100,9.57
510,Koungou,YT,2021-11-28 21:35:48,-12.7336,45.2042,78.51,89,20,5.75
511,Richards Bay,ZA,2021-11-28 21:35:49,-28.783,32.0377,71.82,76,4,9.91
512,Northam,GB,2021-11-28 21:35:49,51.0333,-4.2167,37.02,74,56,16.64
513,Zapolyarnyy,RU,2021-11-28 21:35:49,69.4154,30.8136,-2.92,96,37,8.66
514,Udachnyy,RU,2021-11-28 21:35:49,66.4167,112.4,-20.49,97,97,2.37
515,Kaduy,RU,2021-11-28 21:35:50,59.2,37.15,19.96,96,98,3.94
516,Vestmannaeyjar,IS,2021-11-28 21:35:50,63.4427,-20.2734,43.83,95,100,3.96
517,San Ignacio,BZ,2021-11-28 21:35:50,17.1561,-89.0714,86.14,58,75,4.61
518,Tripoli,LY,2021-11-28 21:33:19,32.8752,13.1875,61.93,52,64,30.62
519,Madang,PG,2021-11-28 21:35:51,-5.2246,145.7966,79.36,85,80,3.56
520,Kashary,RU,2021-11-28 21:35:51,49.04,41.0056,46.51,94,100,9.24
521,Kisangani,CD,2021-11-28 21:35:51,0.5167,25.2,71.26,98,100,1.05
522,Coihaique,CL,2021-11-28 21:35:51,-45.5752,-72.0662,58.95,67,75,3.44
523,Barranca,PE,2021-11-28 21:33:02,-10.75,-77.7667,68.47,77,95,9.75
524,Konza,KE,2021-11-28 21:35:52,-1.7426,37.1294,62.24,87,93,4.5
525,Pringsewu,ID,2021-11-28 21:35:52,-5.3582,104.9744,72.91,95,100,4.59
526,Zinder,NE,2021-11-28 21:35:52,13.8072,8.9881,74.55,13,73,9.33
527,Coracora,PE,2021-11-28 21:35:53,-15.0333,-73.7833,54.07,66,92,9.17
528,Dzhalil,RU,2021-11-28 21:35:53,55.0239,52.7358,28.54,94,100,13.09
529,Nkhata Bay,MW,2021-11-28 21:35:53,-11.6066,34.2907,73.69,68,1,3.8
530,Beaune,FR,2021-11-28 21:35:53,47.0833,4.75,33.15,97,100,11.27
531,Woodburn,US,2021-11-28 21:33:28,45.1437,-122.8554,62.71,72,1,11.5
532,Hadejia,NG,2021-11-28 21:35:54,12.4498,10.0444,75.51,16,23,8.99
533,Piste,MX,2021-11-28 21:35:54,20.7,-88.5833,85.03,44,91,3.42
534,Amapa,BR,2021-11-28 21:35:54,1.0,-52.0,74.16,97,100,2.64
535,Andra,RU,2021-11-28 21:35:55,62.5147,65.8878,23.95,96,100,10.4
536,Zhirnovsk,RU,2021-11-28 21:35:55,50.9845,44.7735,40.69,96,100,6.42
537,Ust-Ishim,RU,2021-11-28 21:35:55,57.6935,71.1665,18.9,82,100,7.58
538,Kutum,SD,2021-11-28 21:35:55,14.2,24.6667,67.39,22,0,8.03
539,Parintins,BR,2021-11-28 21:36:56,-2.6283,-56.7358,82.06,65,95,2.26
540,Pierre,US,2021-11-28 21:36:56,44.3683,-100.351,52.72,43,1,3.44
541,Tambacounda,SN,2021-11-28 21:36:56,13.7539,-13.7586,86.05,25,0,6.91
542,Foumban,CM,2021-11-28 21:36:57,5.7291,10.9001,64.4,50,94,4.21
543,Hatillo,PR,2021-11-28 21:36:57,18.4863,-66.8254,81.16,83,46,11.05
544,Alta Gracia,AR,2021-11-28 21:36:57,-31.6529,-64.4283,75.97,31,3,9.93
545,Anshun,CN,2021-11-28 21:36:58,26.25,105.9333,48.83,95,94,4.54
546,Buala,SB,2021-11-28 21:36:58,-8.145,159.5921,83.79,74,81,7.07
547,Bozhou,CN,2021-11-28 21:36:58,33.8772,115.7703,45.46,87,0,3.42
548,Ahipara,NZ,2021-11-28 21:36:58,-35.1667,173.1667,69.8,62,94,2.59
549,Cayenne,GF,2021-11-28 21:36:59,4.9333,-52.3333,80.64,89,75,2.3
550,Mbumi,TZ,2021-11-28 21:36:59,-7.9058,39.2105,77.22,90,100,3.09
551,Shubarshi,KZ,2021-11-28 21:36:59,48.5872,57.1869,21.47,85,100,4.05
552,San Carlos De Bariloche,AR,2021-11-28 21:36:59,-41.1456,-71.3082,62.35,27,20,26.46
553,Puerto Del Rosario,ES,2021-11-28 21:37:00,28.5004,-13.8627,65.95,63,20,23.02
554,Verkhoyansk,RU,2021-11-28 21:37:00,67.5447,133.385,-20.7,100,97,1.5
555,Beloha,MG,2021-11-28 21:37:00,-25.1667,45.05,64.0,66,3,15.5
556,Meulaboh,ID,2021-11-28 21:36:09,4.1363,96.1285,74.41,90,100,4.38
557,Viedma,AR,2021-11-28 21:37:01,-40.8135,-62.9967,72.36,27,0,8.9
558,Abha,SA,2021-11-28 21:37:01,18.2164,42.5053,57.02,41,0,0.0
559,Saint Pete Beach,US,2021-11-28 21:37:01,27.7253,-82.7412,68.05,40,1,9.22
560,Dudinka,RU,2021-11-28 21:37:02,69.4058,86.1778,-22.13,100,100,1.86
561,Karonga,MW,2021-11-28 21:37:02,-9.9333,33.9333,75.92,75,14,4.9
562,Belaya Gora,RU,2021-11-28 21:37:02,68.5333,146.4167,-20.24,99,100,1.92
563,Walvis Bay,NA,2021-11-28 21:37:02,-22.9575,14.5053,58.15,94,0,1.14
564,Verkhnevilyuysk,RU,2021-11-28 21:37:03,63.4453,120.3167,-16.92,100,84,3.51
565,Parana,AR,2021-11-28 21:36:01,-31.732,-60.5238,72.36,49,3,13.27
566,Soe,ID,2021-11-28 21:37:03,-9.8607,124.284,68.65,85,100,2.59
567,Bukan,IR,2021-11-28 21:37:03,36.521,46.2089,45.0,76,27,4.12
