City_ID,City,Lat,Lng,Max Temp,Humidity,Cloudiness,Wind Speed,Country,Date
0,Nouakchott,18.0858,-15.9785,73.33,41,100,9.62,MR,2021-12-04 20:29:30
1,Araouane,18.9048,-3.5265,70.18,16,98,11.88,ML,2021-12-04 20:33:47
2,Avarua,-21.2078,-159.775,78.85,83,40,4.61,CK,2021-12-04 20:33:24
3,Punta Arenas,-53.15,-70.9167,53.71,58,75,26.46,CL,2021-12-04 20:33:41
4,Pangnirtung,66.1451,-65.7125,19.4,86,75,5.75,CA,2021-12-04 20:33:47
5,Pisco,-13.7,-76.2167,73.45,68,0,18.41,PE,2021-12-04 20:33:48
6,Kaitangata,-46.2817,169.8464,61.03,84,100,8.52,NZ,2021-12-04 20:33:48
7,Yulara,-25.2406,130.9889,71.44,46,57,16.11,AU,2021-12-04 20:33:48
8,Bilibino,68.0546,166.4372,-40.52,99,65,4.76,RU,2021-12-04 20:33:48
9,Fortuna,40.5982,-124.1573,51.66,97,90,0.0,US,2021-12-04 20:31:13
10,Eureka,40.8021,-124.1637,51.93,95,47,5.55,US,2021-12-04 20:30:51
11,Liberty,31.8335,-81.5004,75.31,54,1,1.01,US,2021-12-04 20:33:49
12,Bredasdorp,-34.5322,20.0403,62.28,85,100,19.64,ZA,2021-12-04 20:33:49
13,Boguchany,58.3814,97.4531,20.46,81,100,13.09,RU,2021-12-04 20:33:49
14,Ushuaia,-54.8,-68.3,60.46,33,40,20.71,AR,2021-12-04 20:30:14
15,Narsaq,60.9167,-46.05,46.62,73,100,8.37,GL,2021-12-04 20:33:50
16,Cape Town,-33.9258,18.4232,65.12,76,75,3.0,ZA,2021-12-04 20:32:05
17,Conde,-7.2597,-34.9075,81.86,74,75,10.36,BR,2021-12-04 20:33:50
18,Rikitea,-23.1203,-134.9692,75.99,72,23,10.16,PF,2021-12-04 20:33:50
19,Atuona,-9.8,-139.0333,78.55,74,7,17.16,PF,2021-12-04 20:33:51
20,Busselton,-33.65,115.3333,56.08,75,0,10.13,AU,2021-12-04 20:33:51
21,Mokhsogollokh,61.4681,128.9203,-16.29,100,90,2.24,RU,2021-12-04 20:33:51
22,Inta,66.0317,60.1659,-14.55,88,71,9.24,RU,2021-12-04 20:33:51
23,Mongo,12.1844,18.693,80.6,23,2,6.15,TD,2021-12-04 20:33:52
24,Saint George,37.1041,-113.5841,70.27,29,1,1.99,US,2021-12-04 20:33:52
25,Mataura,-46.1927,168.8643,54.48,98,100,5.19,NZ,2021-12-04 20:33:52
26,Tuktoyaktuk,69.4541,-133.0374,-23.8,76,1,5.75,CA,2021-12-04 20:33:53
27,Isangel,-19.55,169.2667,77.11,94,75,0.0,VU,2021-12-04 20:33:53
28,Qaanaaq,77.484,-69.3632,0.52,65,70,7.23,GL,2021-12-04 20:33:53
29,Hilo,19.7297,-155.09,69.53,88,90,6.91,US,2021-12-04 20:33:54
30,Kamenka,51.3223,42.7678,28.74,82,100,3.44,RU,2021-12-04 20:33:54
31,Jamestown,42.097,-79.2353,42.3,61,40,7.0,US,2021-12-04 20:32:48
32,Port Macquarie,-31.4333,152.9167,64.89,94,75,12.66,AU,2021-12-04 20:29:52
33,Namibe,-15.1961,12.1522,70.68,69,14,6.17,AO,2021-12-04 20:33:54
34,Roald,62.5833,6.1333,39.34,60,40,16.11,NO,2021-12-04 20:33:55
35,Okhotsk,59.3833,143.3,-23.13,90,59,12.1,RU,2021-12-04 20:33:55
36,Lardos,36.0942,28.0157,63.95,83,100,15.59,GR,2021-12-04 20:33:55
37,Leh,34.1667,77.5833,17.2,69,18,2.46,IN,2021-12-04 20:33:56
38,Takaka,-40.85,172.8,66.97,96,100,9.04,NZ,2021-12-04 20:33:56
39,Atikokan,48.7555,-91.6216,15.58,74,100,8.28,CA,2021-12-04 20:33:56
40,Vardo,70.3705,31.1107,21.29,75,11,21.47,NO,2021-12-04 20:33:56
41,Puerto Ayora,-0.7393,-90.3518,75.16,83,71,8.41,EC,2021-12-04 20:33:57
42,Zeya,53.75,127.2667,3.24,77,99,4.18,RU,2021-12-04 20:33:07
43,Mar Del Plata,-38.0023,-57.5575,60.82,80,75,11.99,AR,2021-12-04 20:33:57
44,Iqaluit,63.7506,-68.5145,4.73,85,90,28.77,CA,2021-12-04 20:33:57
45,Grindavik,63.8424,-22.4338,28.87,93,40,10.36,IS,2021-12-04 20:33:58
46,Ribeira Grande,38.5167,-28.7,63.0,88,75,5.75,PT,2021-12-04 20:34:58
47,Kapaa,22.0752,-159.319,70.12,75,40,1.01,US,2021-12-04 20:34:58
48,Mount Gambier,-37.8333,140.7667,40.91,100,0,0.0,AU,2021-12-04 20:31:36
49,Barrow,71.2906,-156.7887,12.22,85,90,14.97,US,2021-12-04 20:34:59
50,Itigi,-5.7,34.4833,70.74,59,17,11.48,TZ,2021-12-04 20:34:59
51,Maniitsoq,65.4167,-52.9,38.41,69,98,21.21,GL,2021-12-04 20:34:59
52,Saint-Philippe,-21.3585,55.7679,78.35,83,26,10.76,RE,2021-12-04 20:34:59
53,Onoda,34.0014,131.1836,48.18,72,69,4.52,JP,2021-12-04 20:35:00
54,Saskylakh,71.9167,114.0833,-19.89,99,100,5.35,RU,2021-12-04 20:34:25
55,Teknaf,20.8624,92.3058,74.91,67,100,3.09,BD,2021-12-04 20:35:00
56,Mecca,21.4267,39.8261,73.65,71,0,0.22,SA,2021-12-04 20:35:00
57,Bilma,18.6853,12.9164,66.6,20,3,13.06,NE,2021-12-04 20:35:01
58,Vaini,-21.2,-175.2,82.56,78,40,10.36,TO,2021-12-04 20:35:01
59,Torbay,47.6666,-52.7314,31.57,50,75,23.02,CA,2021-12-04 20:30:35
60,Kavieng,-2.5744,150.7967,82.36,80,100,12.71,PG,2021-12-04 20:35:01
61,Westerland,54.9079,8.3033,39.22,93,90,13.8,DE,2021-12-04 20:35:02
62,Pizarro,4.9533,-77.366,78.22,88,100,6.26,CO,2021-12-04 20:35:02
63,Reconquista,-29.15,-59.65,80.58,40,92,11.14,AR,2021-12-04 20:35:02
64,College,64.8569,-147.8028,-32.01,62,40,0.0,US,2021-12-04 20:30:18
65,Albany,42.6001,-73.9662,42.57,65,96,7.72,US,2021-12-04 20:35:03
66,Cabo San Lucas,22.8909,-109.9124,90.7,48,20,5.99,MX,2021-12-04 20:34:02
67,Karpogory,64.0019,44.4451,2.82,77,100,12.24,RU,2021-12-04 20:35:03
68,New Norfolk,-42.7826,147.0587,51.75,71,5,2.66,AU,2021-12-04 20:35:03
69,Gumdag,39.2061,54.5906,42.76,75,0,12.17,TM,2021-12-04 20:35:04
70,Salalah,17.0151,54.0924,75.29,64,0,3.44,OM,2021-12-04 20:35:04
71,East London,-33.0153,27.9116,68.18,95,100,17.9,ZA,2021-12-04 20:35:00
72,Thompson,55.7435,-97.8558,-5.64,77,40,5.75,CA,2021-12-04 20:35:04
73,Saint Anthony,45.0205,-93.218,34.56,52,90,1.99,US,2021-12-04 20:30:44
74,Galle,6.0367,80.217,78.67,85,100,4.9,LK,2021-12-04 20:35:05
75,Rio Gallegos,-51.6226,-69.2181,69.85,24,75,27.63,AR,2021-12-04 20:31:34
76,Karratha,-20.7377,116.8463,85.23,31,28,13.58,AU,2021-12-04 20:35:05
77,Hithadhoo,-0.6,73.0833,81.16,77,79,11.7,MV,2021-12-04 20:32:52
78,Port Saint Lucie,27.2939,-80.3503,79.03,65,75,1.99,US,2021-12-04 20:35:05
79,Clyde River,70.4692,-68.5914,10.63,92,100,32.21,CA,2021-12-04 20:35:06
80,Port Elizabeth,-33.918,25.5701,62.89,88,90,8.05,ZA,2021-12-04 20:33:12
81,Bonavista,48.6499,-53.1147,31.12,52,74,29.17,CA,2021-12-04 20:35:06
82,Carnarvon,-24.8667,113.6333,71.67,83,0,5.75,AU,2021-12-04 20:34:46
83,Tuatapere,-46.1333,167.6833,54.82,97,100,10.85,NZ,2021-12-04 20:35:06
84,Bluff,-46.6,168.3333,54.81,90,99,10.54,NZ,2021-12-04 20:34:24
85,Codrington,-38.2667,141.9667,50.14,68,12,5.68,AU,2021-12-04 20:35:07
86,Burnie,-41.0667,145.9167,52.83,64,96,11.7,AU,2021-12-04 20:32:11
87,Pangai,-19.8,-174.35,79.56,84,50,15.48,TO,2021-12-04 20:35:07
88,Manicore,-5.8092,-61.3003,77.79,92,95,1.57,BR,2021-12-04 20:35:07
89,Khatanga,71.9667,102.5,-21.26,98,100,8.43,RU,2021-12-04 20:35:08
90,Port-Gentil,-0.7193,8.7815,82.36,83,75,9.22,GA,2021-12-04 20:35:08
91,Bitung,1.4451,125.1824,76.05,82,100,5.7,ID,2021-12-04 20:35:08
92,Lagunas,-5.2269,-75.6753,82.38,78,99,3.13,PE,2021-12-04 20:36:08
93,Jawhar,2.7809,45.5005,76.14,76,32,13.87,SO,2021-12-04 20:36:09
94,Ulladulla,-35.35,150.4667,57.78,80,100,6.24,AU,2021-12-04 20:36:09
95,Hobart,-42.8794,147.3294,52.11,79,20,5.01,AU,2021-12-04 20:36:09
96,Tasiilaq,65.6145,-37.6368,30.36,91,100,35.25,GL,2021-12-04 20:36:10
97,Mikhaylovka,50.06,43.2379,33.78,97,100,4.97,RU,2021-12-04 20:36:10
98,Dragu,47.0167,23.4,24.48,74,76,2.73,RO,2021-12-04 20:36:10
99,Dingle,10.9995,122.6711,71.62,92,57,8.25,PH,2021-12-04 20:36:11
100,Lasa,46.6166,10.7002,34.68,96,100,2.46,IT,2021-12-04 20:36:11
101,Biak,-0.9131,122.8766,76.87,85,94,3.13,ID,2021-12-04 20:36:11
102,Port Lincoln,-34.7333,135.8667,59.18,72,100,12.71,AU,2021-12-04 20:36:11
103,Sitka,57.0531,-135.33,26.49,86,40,0.0,US,2021-12-04 20:32:09
104,Agadir,30.4202,-9.5982,55.85,62,0,3.56,MA,2021-12-04 20:36:12
105,Klaksvik,62.2266,-6.589,36.52,55,100,18.92,FO,2021-12-04 20:36:12
106,Tocopilla,-22.092,-70.1979,70.32,63,24,9.73,CL,2021-12-04 20:36:12
107,Bengkulu,-3.8004,102.2655,75.85,89,100,7.4,ID,2021-12-04 20:36:13
108,Samarinda,-0.5,117.15,74.71,98,100,1.97,ID,2021-12-04 20:36:13
109,Hojai,26.0,92.8667,66.79,79,98,1.48,IN,2021-12-04 20:36:13
110,Bemidji,47.4736,-94.8803,28.9,57,1,5.75,US,2021-12-04 20:36:13
111,Nadym,65.5333,72.5167,-26.14,100,55,6.11,RU,2021-12-04 20:36:14
112,Victoria,22.2855,114.1577,65.32,67,98,1.01,HK,2021-12-04 20:36:14
113,Provideniya,64.3833,-173.3,16.3,90,96,3.89,RU,2021-12-04 20:36:14
114,Longyearbyen,78.2186,15.6401,19.24,79,75,23.02,SJ,2021-12-04 20:36:15
115,Korla,41.7597,86.1469,26.85,60,93,3.09,CN,2021-12-04 20:36:15
116,Gizo,-8.103,156.8419,82.65,77,85,5.7,SB,2021-12-04 20:36:15
117,Hermanus,-34.4187,19.2345,64.9,86,100,18.01,ZA,2021-12-04 20:36:15
118,Amarpur,25.0333,86.9,66.2,71,92,4.09,IN,2021-12-04 20:36:16
119,Nyimba,-14.5566,30.8149,80.11,36,22,7.54,ZM,2021-12-04 20:36:16
120,Butaritari,3.0707,172.7902,83.05,77,13,18.54,KI,2021-12-04 20:36:16
121,Tarata,-17.6167,-66.0167,74.62,47,94,7.38,BO,2021-12-04 20:36:16
122,Hasaki,35.7333,140.8333,37.8,60,3,19.35,JP,2021-12-04 20:36:17
123,Vostok,46.4856,135.8833,-8.66,96,58,5.55,RU,2021-12-04 20:36:17
124,Itoman,26.1247,127.6694,64.42,67,40,14.97,JP,2021-12-04 20:36:17
125,Vestmannaeyjar,63.4427,-20.2734,32.77,65,8,8.48,IS,2021-12-04 20:36:18
126,Mehamn,71.0357,27.8492,17.83,83,10,20.18,NO,2021-12-04 20:36:18
127,Naryan-Mar,67.6713,53.087,5.22,96,99,10.07,RU,2021-12-04 20:36:18
128,Diamantino,-14.4086,-56.4461,83.05,74,100,2.95,BR,2021-12-04 20:36:18
129,Broken Hill,-31.95,141.4333,60.51,55,54,9.22,AU,2021-12-04 20:36:19
130,Arraial Do Cabo,-22.9661,-42.0278,76.96,65,40,10.36,BR,2021-12-04 20:35:05
131,Iquique,-20.2208,-70.1431,68.04,69,32,8.39,CL,2021-12-04 20:32:16
132,Neyshabur,36.2133,58.7958,40.55,68,6,2.39,IR,2021-12-04 20:36:19
133,Talnakh,69.4865,88.3972,-30.8,100,100,1.01,RU,2021-12-04 20:36:19
134,Yellowknife,62.456,-114.3525,-23.58,79,20,6.91,CA,2021-12-04 20:36:20
135,Charters Towers,-20.1,146.2667,77.05,70,0,7.78,AU,2021-12-04 20:36:20
136,San Patricio,28.017,-97.5169,86.41,57,48,12.88,US,2021-12-04 20:36:20
137,Port Hedland,-20.3167,118.5667,80.65,61,62,9.22,AU,2021-12-04 20:37:21
138,Banjar,-8.19,114.9675,78.66,88,97,2.82,ID,2021-12-04 20:37:21
139,Kulhudhuffushi,6.6221,73.07,81.07,77,19,6.87,MV,2021-12-04 20:37:21
140,Kimparana,12.8347,-4.9244,82.58,13,69,8.5,ML,2021-12-04 20:37:21
141,Viedma,-40.8135,-62.9967,72.05,29,34,19.42,AR,2021-12-04 20:37:22
142,Hamilton,39.1834,-84.5333,54.12,42,1,3.0,US,2021-12-04 20:37:22
143,San Quintin,30.4833,-115.95,64.38,73,3,18.81,MX,2021-12-04 20:37:22
144,Port Alfred,-33.5906,26.891,67.95,95,100,23.06,ZA,2021-12-04 20:37:22
145,The Pas,53.8251,-101.2541,8.62,78,90,5.75,CA,2021-12-04 20:37:23
146,Norsup,-16.0667,167.3833,81.61,74,97,8.57,VU,2021-12-04 20:37:23
147,Opuwo,-18.0607,13.84,70.27,26,41,4.56,NA,2021-12-04 20:37:23
148,Zhigansk,66.7697,123.3711,-15.36,98,100,14.99,RU,2021-12-04 20:37:24
149,Coxim,-18.5067,-54.76,85.62,61,98,2.73,BR,2021-12-04 20:37:24
150,Tessalit,20.1986,1.0114,68.4,17,56,10.33,ML,2021-12-04 20:37:24
151,La Libertad,-2.2333,-80.9,76.66,73,75,11.5,EC,2021-12-04 20:37:24
152,Matara,5.9485,80.5353,76.64,91,93,4.52,LK,2021-12-04 20:37:25
153,Mpanda,-6.3655,31.0409,70.05,62,51,2.13,TZ,2021-12-04 20:37:25
154,Norman Wells,65.282,-126.8329,-36.36,61,20,3.44,CA,2021-12-04 20:37:25
155,Cherskiy,68.75,161.3,-34.53,100,47,3.13,RU,2021-12-04 20:37:25
156,Luderitz,-26.6481,15.1594,61.18,89,6,5.21,NA,2021-12-04 20:37:26
157,Lompoc,34.6391,-120.4579,64.56,70,90,9.22,US,2021-12-04 20:36:23
158,Laguna,38.421,-121.4238,72.64,97,90,5.75,US,2021-12-04 20:37:26
159,Shitanjing,39.2342,106.3439,30.96,21,0,3.8,CN,2021-12-04 20:37:26
160,Mahebourg,-20.4081,57.7,78.26,83,40,8.05,MU,2021-12-04 20:37:27
161,Lahat,-3.8,103.5333,72.41,99,100,1.23,ID,2021-12-04 20:37:27
162,Moroni,-11.7022,43.2551,79.95,73,54,2.66,KM,2021-12-04 20:37:27
163,Castro,-24.7911,-50.0119,74.62,54,28,3.02,BR,2021-12-04 20:37:27
164,Cidreira,-30.1811,-50.2056,70.68,78,100,18.95,BR,2021-12-04 20:37:28
165,Tiksi,71.6872,128.8694,-21.06,98,100,3.29,RU,2021-12-04 20:37:28
166,Xai-Xai,-25.0519,33.6442,79.39,71,0,12.03,MZ,2021-12-04 20:36:13
167,Lagoa,39.05,-27.9833,63.64,84,96,11.65,PT,2021-12-04 20:36:19
168,Taihe,30.8712,105.3845,55.87,62,100,2.62,CN,2021-12-04 20:37:28
169,Ostrovnoy,68.0531,39.5131,4.5,95,81,7.0,RU,2021-12-04 20:37:29
170,Veraval,20.9,70.3667,75.13,69,7,2.06,IN,2021-12-04 20:37:29
171,Luhyny,51.082,28.4006,27.93,86,100,7.05,UA,2021-12-04 20:37:29
172,Mandasa,18.8667,84.4667,69.06,94,100,7.23,IN,2021-12-04 20:37:30
173,Fort Thomas,39.0751,-84.4472,53.92,42,1,8.05,US,2021-12-04 20:37:30
174,Dikson,73.5069,80.5464,-22.63,100,100,8.21,RU,2021-12-04 20:37:30
175,Chalchihuites,23.4833,-103.8833,70.45,24,83,1.45,MX,2021-12-04 20:37:31
176,Tupik,54.4253,119.9327,8.44,92,100,2.13,RU,2021-12-04 20:37:31
177,Kruisfontein,-34.0033,24.7314,59.88,94,100,19.57,ZA,2021-12-04 20:37:31
178,Ewa Beach,21.3156,-158.0072,74.7,68,75,3.44,US,2021-12-04 20:37:31
179,Ust-Tsilma,65.441,52.1498,-2.31,88,100,6.08,RU,2021-12-04 20:37:32
180,Twante,16.7167,95.9333,75.33,74,22,3.91,MM,2021-12-04 20:37:32
181,Kutum,14.2,24.6667,69.84,24,0,8.52,SD,2021-12-04 20:37:32
182,Sorong,-0.8833,131.25,80.04,81,67,5.75,ID,2021-12-04 20:37:30
183,Miri,4.4148,114.0089,77.14,94,40,2.3,MY,2021-12-04 20:38:33
184,Pingshan,22.9938,114.7131,49.68,65,9,2.46,CN,2021-12-04 20:38:33
185,Georgetown,5.4112,100.3354,79.9,81,20,3.0,MY,2021-12-04 20:37:56
186,Upernavik,72.7868,-56.1549,17.98,68,100,6.89,GL,2021-12-04 20:38:33
187,Progreso,21.2833,-89.6667,86.11,63,44,13.65,MX,2021-12-04 20:38:34
188,Marienburg,54.0359,19.0266,34.12,95,54,4.41,PL,2021-12-04 20:38:34
189,Bezhta,42.1338,46.1283,25.39,51,25,3.38,RU,2021-12-04 20:38:34
190,Chokurdakh,70.6333,147.9167,-40.68,100,59,3.11,RU,2021-12-04 20:38:34
191,Port Moresby,-9.4431,147.1797,74.62,100,40,5.75,PG,2021-12-04 20:38:35
192,Kloulklubed,7.0419,134.2556,75.7,75,87,3.96,PW,2021-12-04 20:38:35
193,Dutlwe,-23.9833,23.9,70.68,69,100,14.34,BW,2021-12-04 20:38:35
194,Alice Springs,-23.7,133.8833,72.95,31,35,9.22,AU,2021-12-04 20:38:36
195,Antalaha,-14.9003,50.2788,76.39,85,83,6.11,MG,2021-12-04 20:36:24
196,Poum,-20.2333,164.0167,80.56,73,9,12.33,NC,2021-12-04 20:38:36
197,Katrineholm,58.9959,16.2072,22.89,95,18,7.72,SE,2021-12-04 20:38:36
198,Bethel,41.3712,-73.414,46.99,57,1,8.05,US,2021-12-04 20:38:36
199,Elbistan,38.2059,37.1983,40.08,66,89,3.62,TR,2021-12-04 20:38:37
200,Yinchuan,38.4681,106.2731,32.09,25,0,5.64,CN,2021-12-04 20:38:37
201,Bagdarin,54.4333,113.6,11.53,90,100,5.26,RU,2021-12-04 20:38:37
202,Lamu,-2.2717,40.902,82.62,81,77,9.4,KE,2021-12-04 20:38:38
203,Camacha,33.0833,-16.3333,63.36,63,75,13.8,PT,2021-12-04 20:38:38
204,Buta,2.7858,24.73,71.87,90,46,0.67,CD,2021-12-04 20:38:38
205,Lukovetskiy,64.2956,41.9211,-4.02,73,67,10.98,RU,2021-12-04 20:38:38
206,Tezu,27.9167,96.1667,63.68,56,58,4.14,IN,2021-12-04 20:38:39
207,Taoudenni,22.6783,-3.9836,61.74,21,0,10.89,ML,2021-12-04 20:38:39
208,Brokopondo,4.75,-55.1667,78.73,85,75,6.91,SR,2021-12-04 20:38:39
209,Hovd,48.0056,91.6419,19.47,57,0,2.53,MN,2021-12-04 20:38:39
210,Airai,-8.9266,125.4092,61.18,95,100,0.65,TL,2021-12-04 20:38:40
211,Valdivia,-39.8142,-73.2459,77.09,19,0,6.8,CL,2021-12-04 20:38:40
212,Pangoa,-12.1167,-73.0,83.53,66,58,2.68,PE,2021-12-04 20:38:40
213,Siderno,38.2779,16.302,59.85,71,13,11.74,IT,2021-12-04 20:38:40
214,Pinawa,50.1489,-95.8811,15.46,76,32,4.34,CA,2021-12-04 20:38:41
215,Skjervoy,70.0311,20.9714,21.96,66,1,13.69,NO,2021-12-04 20:38:41
216,Ahipara,-35.1667,173.1667,69.44,84,71,11.36,NZ,2021-12-04 20:36:18
217,Port Hardy,50.6996,-127.4199,39.38,87,90,3.44,CA,2021-12-04 20:38:41
218,Misasi,-3.0,33.0833,71.65,73,100,3.65,TZ,2021-12-04 20:38:42
219,Gorshechnoye,51.5244,38.0365,26.69,83,20,0.83,RU,2021-12-04 20:38:42
220,Magnolia,33.2671,-93.2393,76.68,59,81,3.27,US,2021-12-04 20:38:42
221,Rosetta,31.4044,30.4164,60.62,56,100,10.65,EG,2021-12-04 20:38:42
222,Cervo,43.6702,-7.4101,53.96,74,99,23.02,ES,2021-12-04 20:38:43
223,Sydney Mines,46.2367,-60.2177,28.33,77,20,4.0,CA,2021-12-04 20:38:43
224,San Cristobal,7.7669,-72.225,78.98,46,64,4.68,VE,2021-12-04 20:38:43
225,Yaan,7.3833,8.5667,82.9,28,66,2.01,NG,2021-12-04 20:38:44
226,Ponta Do Sol,32.6667,-17.1,66.83,64,96,9.4,PT,2021-12-04 20:38:44
227,Kununurra,-15.7667,128.7333,82.38,83,100,8.05,AU,2021-12-04 20:38:44
228,Mangaluru,12.8667,74.8833,77.86,88,20,0.0,IN,2021-12-04 20:39:45
229,Aykhal,66.0,111.5,-19.59,100,99,5.55,RU,2021-12-04 20:39:45
230,Flin Flon,54.7682,-101.865,6.64,66,20,6.91,CA,2021-12-04 20:38:29
231,Kedrovyy,56.1667,91.8167,23.41,93,100,11.48,RU,2021-12-04 20:39:45
232,Coahuayana,18.7333,-103.6833,89.08,57,26,6.96,MX,2021-12-04 20:39:45
233,Faanui,-16.4833,-151.75,81.36,68,17,16.49,PF,2021-12-04 20:39:46
234,Daru,-9.0763,143.2092,81.66,82,100,7.74,PG,2021-12-04 20:39:46
235,Kamaishi,39.2667,141.8833,34.12,65,17,7.11,JP,2021-12-04 20:39:46
236,Bambanglipuro,-7.95,110.2833,62.6,90,100,5.23,ID,2021-12-04 20:39:47
237,Pringsewu,-5.3582,104.9744,73.0,99,100,2.39,ID,2021-12-04 20:39:47
238,Girne,35.3417,33.3167,62.29,67,25,14.41,CY,2021-12-04 20:39:47
239,Brainerd,46.358,-94.2008,30.22,43,20,6.91,US,2021-12-04 20:36:01
240,Shu,43.5983,73.7614,41.81,66,34,3.22,KZ,2021-12-04 20:39:48
241,Lavrentiya,65.5833,-171.0,4.05,92,22,4.59,RU,2021-12-04 20:39:48
242,Ambon,-3.6954,128.1814,75.34,94,40,6.91,ID,2021-12-04 20:39:48
243,Khash,28.2211,61.2158,46.72,58,0,3.04,IR,2021-12-04 20:39:48
244,Krasnoselkup,65.7,82.4667,-20.92,99,96,4.72,RU,2021-12-04 20:35:13
245,Saldanha,-33.0117,17.9442,60.85,93,100,4.97,ZA,2021-12-04 20:39:49
246,Setermoen,68.861,18.3486,-11.24,92,25,9.17,NO,2021-12-04 20:39:49
247,Touros,-5.1989,-35.4608,85.1,77,81,13.8,BR,2021-12-04 20:39:50
248,Tilbury,51.4625,0.3586,43.52,80,68,18.1,GB,2021-12-04 20:39:50
249,Huittinen,61.1833,22.7,6.55,79,88,8.61,FI,2021-12-04 20:39:50
250,Gewane,10.1664,40.6453,74.57,41,0,7.76,ET,2021-12-04 20:39:51
251,Nikolskoye,59.7035,30.7861,15.03,94,100,5.73,RU,2021-12-04 20:37:55
252,Payson,40.0444,-111.7321,61.02,58,40,5.75,US,2021-12-04 20:39:51
253,Thinadhoo,0.5333,72.9333,81.55,80,100,16.4,MV,2021-12-04 20:39:52
254,Rawson,-43.3002,-65.1023,80.55,25,1,25.3,AR,2021-12-04 20:39:52
255,Tvrdosin,49.337,19.556,31.55,66,100,5.57,SK,2021-12-04 20:39:52
256,Aklavik,68.2191,-135.0107,-21.17,68,1,4.61,CA,2021-12-04 20:39:52
257,Labuhan,-6.8844,112.2051,77.11,85,100,11.32,ID,2021-12-04 20:39:53
258,Toora-Khem,52.4675,96.11,12.42,98,98,2.15,RU,2021-12-04 20:39:53
259,Kodiak,57.79,-152.4072,20.71,79,90,0.0,US,2021-12-04 20:37:26
260,Necochea,-38.5473,-58.7368,61.03,59,96,14.88,AR,2021-12-04 20:39:53
261,Parma,44.8027,10.329,41.5,96,75,2.3,IT,2021-12-04 20:39:53
262,Chicontepec,20.9667,-98.1667,75.88,63,26,4.7,MX,2021-12-04 20:39:54
263,Klichka,50.4457,117.996,5.77,96,100,3.89,RU,2021-12-04 20:39:54
264,Oranjemund,-28.55,16.4333,61.75,85,92,0.67,NA,2021-12-04 20:39:54
265,Ilulissat,69.2167,-51.1,37.42,60,75,31.07,GL,2021-12-04 20:39:55
266,Brunico,46.7958,11.9364,33.4,93,100,1.1,IT,2021-12-04 20:39:55
267,Maceio,-9.6658,-35.7353,83.64,78,75,11.5,BR,2021-12-04 20:39:55
268,Kabanjahe,3.1001,98.4908,61.56,97,85,0.69,ID,2021-12-04 20:39:56
269,Pincher Creek,49.4833,-113.952,28.51,93,90,4.61,CA,2021-12-04 20:39:56
270,Catumbela,-12.4314,13.5472,76.78,83,99,2.8,AO,2021-12-04 20:39:56
271,Ellensburg,46.9965,-120.5479,43.57,79,90,5.99,US,2021-12-04 20:39:56
272,Maroua,10.591,14.3159,79.81,25,69,8.43,CM,2021-12-04 20:39:57
273,Te Anau,-45.4167,167.7167,57.79,94,95,2.48,NZ,2021-12-04 20:36:05
274,Marzuq,14.4,46.4667,60.84,31,0,2.33,YE,2021-12-04 20:39:57
275,Nishihara,26.1842,127.7558,63.68,70,75,8.05,JP,2021-12-04 20:39:57
276,Esperance,-33.8667,121.9,51.64,89,70,9.48,AU,2021-12-04 20:39:58
277,Kailua,21.4022,-157.7394,74.75,63,100,9.19,US,2021-12-04 20:40:58
278,Kabinda,-6.1333,24.4833,69.35,86,90,2.1,CD,2021-12-04 20:40:58
279,Salinopolis,-0.6136,-47.3561,80.74,82,100,10.42,BR,2021-12-04 20:40:58
280,Miass,55.045,60.1083,35.04,82,100,11.32,RU,2021-12-04 20:40:59
281,Ketchikan,55.3422,-131.6461,30.67,86,1,5.75,US,2021-12-04 20:40:59
282,Middelburg,-25.7751,29.4648,67.41,76,82,10.04,ZA,2021-12-04 20:40:59
283,Yar-Sale,66.8333,70.8333,-22.18,98,24,4.92,RU,2021-12-04 20:40:59
284,Belmonte,-15.8631,-38.8828,80.6,85,34,6.29,BR,2021-12-04 20:41:00
285,Olafsvik,64.8945,-23.7142,35.76,74,81,8.63,IS,2021-12-04 20:41:00
286,Moctezuma,29.8,-109.6667,77.29,16,99,4.61,MX,2021-12-04 20:41:00
287,Mnogovershinnyy,53.9353,139.9242,-7.26,89,84,6.53,RU,2021-12-04 20:41:01
288,Souillac,-20.5167,57.5167,78.37,83,40,8.05,MU,2021-12-04 20:39:18
289,Omboue,-1.5746,9.2618,78.57,89,99,8.55,GA,2021-12-04 20:41:01
290,Ukiah,39.1502,-123.2078,70.05,81,1,0.0,US,2021-12-04 20:40:16
291,Cedral,23.8,-100.7333,74.35,25,7,5.57,MX,2021-12-04 20:41:01
292,Quatre Cocos,-20.2078,57.7625,78.1,73,58,13.11,MU,2021-12-04 20:41:02
293,Chepareria,1.3077,35.2039,61.56,80,33,4.36,KE,2021-12-04 20:41:02
294,San Ramon,37.7799,-121.978,61.38,77,90,1.01,US,2021-12-04 20:41:02
295,Vao,-22.6667,167.4833,76.32,84,75,16.69,NC,2021-12-04 20:41:03
296,Mataram,-8.5833,116.1167,79.61,87,100,3.67,ID,2021-12-04 20:40:54
297,Sergeyevka,53.88,67.4158,30.9,92,98,14.94,KZ,2021-12-04 20:41:03
298,Kangaatsiaq,68.3065,-53.4641,38.01,54,100,27.31,GL,2021-12-04 20:41:03
299,Krasnoye,49.9145,24.6134,25.2,82,98,5.12,UA,2021-12-04 20:41:04
300,Lieksa,63.3167,30.0167,7.97,88,29,7.99,FI,2021-12-04 20:41:04
301,Boa Vista,2.8197,-60.6733,91.38,43,75,9.22,BR,2021-12-04 20:41:04
302,Sao Filipe,14.8961,-24.4956,75.79,72,91,9.95,CV,2021-12-04 20:41:04
303,Paita,-5.0892,-81.1144,77.56,74,95,16.33,PE,2021-12-04 20:41:05
304,Nemuro,43.3236,145.575,31.73,60,14,22.5,JP,2021-12-04 20:41:05
305,Stawell,-37.05,142.7667,48.29,68,7,11.81,AU,2021-12-04 20:41:05
306,Kurilsk,45.2333,147.8833,32.43,85,92,29.26,RU,2021-12-04 20:41:05
307,Shimoda,34.6667,138.95,42.1,65,39,11.5,JP,2021-12-04 20:38:09
308,Tucuma,-0.1833,-50.05,79.57,83,74,5.26,BR,2021-12-04 20:41:06
309,Asau,46.4333,26.4,31.95,78,97,4.03,RO,2021-12-04 20:39:00
310,Glazov,58.1394,52.6584,26.51,92,100,10.6,RU,2021-12-04 20:41:06
311,Qaqortoq,60.7167,-46.0333,46.9,77,100,17.81,GL,2021-12-04 20:41:06
312,Leningradskiy,69.3833,178.4167,-17.09,96,95,5.82,RU,2021-12-04 20:41:07
313,Ayorou,14.7308,0.9174,79.61,11,4,10.22,NE,2021-12-04 20:41:07
314,Karabulak,43.3036,44.8964,28.96,47,73,1.9,RU,2021-12-04 20:41:07
315,Acapulco,16.8634,-99.8901,85.82,70,1,6.91,MX,2021-12-04 20:38:21
316,Gordeyevka,52.9569,31.9703,26.87,91,100,8.34,RU,2021-12-04 20:41:08
317,Tautira,-17.7333,-149.15,86.02,73,60,13.02,PF,2021-12-04 20:36:16
318,Erenhot,43.6475,111.9767,25.9,46,15,15.21,CN,2021-12-04 20:41:08
319,Vanimo,-2.6741,141.3028,77.7,90,100,6.38,PG,2021-12-04 20:41:08
320,Alofi,-19.0595,-169.9187,80.49,83,40,4.61,NU,2021-12-04 20:41:09
321,Magadan,59.5667,150.8,0.91,95,100,7.29,RU,2021-12-04 20:41:09
322,Sambava,-14.2667,50.1667,77.7,82,74,8.81,MG,2021-12-04 20:42:09
323,Altay,47.8667,88.1167,21.0,55,4,7.9,CN,2021-12-04 20:42:09
324,Guerrero Negro,27.9769,-114.0611,69.03,59,100,14.85,MX,2021-12-04 20:42:10
325,Lebu,-37.6167,-73.65,58.75,70,0,20.92,CL,2021-12-04 20:38:29
326,Aksu,41.1231,80.2644,27.32,45,100,1.36,CN,2021-12-04 20:42:10
327,Avera,33.194,-82.5271,74.71,48,100,6.38,US,2021-12-04 20:42:10
328,Bend,44.0582,-121.3153,60.66,35,1,1.99,US,2021-12-04 20:40:49
329,Makokou,0.5738,12.8642,71.51,96,100,1.88,GA,2021-12-04 20:42:11
330,Mpongwe,-13.5091,28.155,71.42,37,16,5.99,ZM,2021-12-04 20:42:11
331,Kalabo,-14.97,22.6814,76.64,57,96,10.58,ZM,2021-12-04 20:42:11
332,Sayyan,15.1718,44.3244,46.53,33,0,3.51,YE,2021-12-04 20:42:12
333,Lakatoro,-16.0999,167.4164,81.54,74,96,8.28,VU,2021-12-04 20:42:12
334,Rathenow,52.6066,12.337,38.01,88,100,10.11,DE,2021-12-04 20:42:12
335,Inhambane,-23.865,35.3833,77.49,90,0,12.62,MZ,2021-12-04 20:42:12
336,Teluk Nibung,3.001,99.8164,75.94,92,99,7.07,ID,2021-12-04 20:42:13
337,Edd,13.9297,41.6925,81.5,51,0,17.92,ER,2021-12-04 20:42:13
338,Puerto Leguizamo,-0.1934,-74.7819,79.65,92,90,2.46,CO,2021-12-04 20:42:13
339,Yerbogachen,61.2767,108.0108,15.6,78,100,14.76,RU,2021-12-04 20:42:14
340,Mount Isa,-20.7333,139.5,82.17,39,40,5.75,AU,2021-12-04 20:42:14
341,Meulaboh,4.1363,96.1285,75.92,87,92,4.41,ID,2021-12-04 20:42:14
342,San Jose,37.3394,-121.895,62.76,69,75,0.0,US,2021-12-04 20:39:32
343,Preobrazheniye,42.9019,133.9064,19.2,43,2,4.65,RU,2021-12-04 20:42:14
344,Dumai,1.6833,101.45,73.98,97,100,0.65,ID,2021-12-04 20:42:15
345,Price,39.5994,-110.8107,55.11,37,1,4.61,US,2021-12-04 20:42:15
346,Puerto Madryn,-42.7692,-65.0385,76.53,32,0,26.53,AR,2021-12-04 20:42:15
347,Lagos,6.5833,3.75,79.86,87,82,4.61,NG,2021-12-04 20:41:30
348,Otjimbingwe,-22.35,16.1333,63.57,46,0,4.34,NA,2021-12-04 20:42:16
349,Barcelos,41.5388,-8.6151,53.74,88,8,6.08,PT,2021-12-04 20:40:32
350,Poronaysk,49.2167,143.1167,-1.89,94,48,5.7,RU,2021-12-04 20:42:16
351,Haines Junction,60.7522,-137.5108,-29.25,75,65,0.0,CA,2021-12-04 20:42:16
352,Komsomolskiy,40.4272,71.7189,38.62,75,100,4.61,UZ,2021-12-04 20:38:59
353,Ugoofaaru,5.6667,73.0,82.17,76,7,11.43,MV,2021-12-04 20:42:16
354,Cabo Rojo,18.0866,-67.1457,84.97,81,56,1.01,PR,2021-12-04 20:42:17
355,Kochi,9.9399,76.2602,76.98,89,80,4.07,IN,2021-12-04 20:42:17
356,Severnoye,56.3491,78.3619,27.59,96,100,12.21,RU,2021-12-04 20:42:17
357,Guymon,36.6828,-101.4816,59.47,44,1,3.44,US,2021-12-04 20:42:18
358,Mackay,-21.15,149.2,78.67,88,13,5.75,AU,2021-12-04 20:42:18
359,Danjiangkou,32.5428,111.5086,46.42,56,20,3.4,CN,2021-12-04 20:42:18
360,Celestun,20.8667,-90.4,79.65,65,29,14.79,MX,2021-12-04 20:42:18
361,Marathon,44.9,-89.7668,35.19,50,1,1.99,US,2021-12-04 20:42:19
362,Angoche,-16.2325,39.9086,79.54,79,0,10.11,MZ,2021-12-04 20:42:19
363,Mafinga,-7.25,35.0667,74.28,59,90,7.29,TZ,2021-12-04 20:42:19
364,Afrikanda,67.4429,32.7828,-2.09,99,64,1.95,RU,2021-12-04 20:42:20
365,Orange Cove,36.6244,-119.3137,74.84,38,0,3.38,US,2021-12-04 20:42:20
366,Balotra,25.8333,72.2333,68.02,42,0,5.3,IN,2021-12-04 20:42:20
367,Praia,14.9215,-23.5087,73.94,78,20,18.41,CV,2021-12-04 20:42:20
368,Noumea,-22.2763,166.4572,82.0,99,66,4.85,NC,2021-12-04 20:42:21
369,Wamba,8.9333,8.6,78.75,32,84,4.36,NG,2021-12-04 20:43:21
370,Broome,42.2506,-75.833,46.98,59,75,1.01,US,2021-12-04 20:43:21
371,Portland,45.5234,-122.6762,52.38,89,90,4.0,US,2021-12-04 20:42:40
372,Pochutla,15.7432,-96.4661,88.83,39,1,6.93,MX,2021-12-04 20:43:21
373,Vokhma,58.9303,46.7586,11.01,93,100,10.38,RU,2021-12-04 20:43:22
374,Lorengau,-2.0226,147.2712,83.86,79,100,17.94,PG,2021-12-04 20:43:22
375,Nynashamn,58.9034,17.9479,25.11,71,93,15.93,SE,2021-12-04 20:43:22
376,Monrovia,6.3005,-10.7969,80.37,80,77,8.28,LR,2021-12-04 20:43:23
377,Sola,-13.8833,167.55,79.84,77,100,14.36,VU,2021-12-04 20:43:23
378,Nioro,13.35,-15.75,81.84,32,99,7.47,GM,2021-12-04 20:43:23
379,La Paz,-16.5,-68.15,60.78,58,75,6.91,BO,2021-12-04 20:42:01
380,Champerico,14.3,-91.9167,95.54,62,0,7.36,GT,2021-12-04 20:43:23
381,Vizinga,61.0749,50.1031,7.05,96,100,6.2,RU,2021-12-04 20:43:24
382,Cayenne,4.9333,-52.3333,77.09,91,90,1.99,GF,2021-12-04 20:43:24
383,Yeroham,30.9872,34.9314,60.06,39,98,5.28,IL,2021-12-04 20:43:24
384,Spas-Klepiki,55.1347,40.1767,25.56,82,87,7.34,RU,2021-12-04 20:43:25
385,Shingu,33.7333,135.9833,39.65,79,3,6.8,JP,2021-12-04 20:43:25
386,Takoradi,4.8845,-1.7554,81.05,81,38,7.34,GH,2021-12-04 20:43:25
387,Erzin,36.9559,36.2,54.12,51,87,8.46,TR,2021-12-04 20:43:25
388,Antofagasta,-23.65,-70.4,71.22,59,20,9.93,CL,2021-12-04 20:42:17
389,Campobello Di Mazara,37.6358,12.7443,57.87,92,83,7.56,IT,2021-12-04 20:43:26
390,Balabac,7.9868,117.0645,77.41,88,85,18.39,PH,2021-12-04 20:40:15
391,Pont-A-Mousson,48.9079,6.0589,41.86,84,75,3.44,FR,2021-12-04 20:43:26
392,Harper,4.375,-7.7169,80.02,81,6,9.22,LR,2021-12-04 20:39:30
393,Luna,10.9667,123.2333,78.22,80,95,18.48,PH,2021-12-04 20:43:27
394,Paamiut,61.994,-49.6678,36.46,80,99,39.21,GL,2021-12-04 20:43:27
395,Pozo Colorado,-23.4923,-58.7972,93.94,24,100,3.4,PY,2021-12-04 20:43:27
396,Padang,-0.9492,100.3543,77.22,90,100,0.63,ID,2021-12-04 20:43:27
397,Prainha,-1.8,-53.48,83.8,66,91,3.15,BR,2021-12-04 20:43:28
398,Banda Aceh,5.5577,95.3222,77.4,84,34,5.26,ID,2021-12-04 20:39:58
399,San-Pedro,4.7485,-6.6363,79.92,81,72,7.87,CI,2021-12-04 20:38:51
400,Bonthe,7.5264,-12.505,80.71,80,81,6.6,SL,2021-12-04 20:43:28
401,Zyryanskoye,56.8306,86.6258,21.0,91,99,12.48,RU,2021-12-04 20:43:28
402,Banyo,6.75,11.8167,77.81,36,100,2.55,CM,2021-12-04 20:43:29
403,Nhulunbuy,-12.2333,136.7667,79.41,89,100,0.0,AU,2021-12-04 20:43:29
404,Victor Harbor,-35.5667,138.6167,60.8,79,100,9.57,AU,2021-12-04 20:43:29
405,Pontes E Lacerda,-15.2261,-59.3353,83.12,86,99,1.99,BR,2021-12-04 20:43:29
406,Saint-Pierre,-21.3393,55.4781,78.44,81,0,5.75,RE,2021-12-04 20:43:30
407,Tias,28.9611,-13.645,64.15,72,0,11.5,ES,2021-12-04 20:43:30
408,Nanakuli,21.3906,-158.1547,75.7,70,75,3.44,US,2021-12-04 20:43:30
409,Nchelenge,-9.3451,28.734,74.66,62,4,2.01,ZM,2021-12-04 20:43:30
410,Muborak,39.2553,65.1528,43.43,61,100,5.35,UZ,2021-12-04 20:43:31
411,Falam,22.9167,93.6833,57.99,84,99,0.54,MM,2021-12-04 20:43:31
412,Urupes,-21.2017,-49.29,90.73,46,33,5.12,BR,2021-12-04 20:43:31
413,Sur,22.5667,59.5289,72.86,63,1,2.95,OM,2021-12-04 20:43:32
414,Ozernovskiy,51.5,156.5167,30.45,70,100,26.78,RU,2021-12-04 20:43:32
415,Oregon,44.0001,-120.5014,56.43,34,99,23.44,US,2021-12-04 20:43:32
416,Alugan,12.2188,125.4808,77.43,81,80,20.11,PH,2021-12-04 20:43:32
417,Omsukchan,62.5333,155.8,-33.39,94,19,4.25,RU,2021-12-04 20:43:33
418,Vrangel,42.7297,133.0839,20.12,42,0,9.48,RU,2021-12-04 20:44:33
419,Balaguer,41.7912,0.8109,51.26,72,1,10.92,ES,2021-12-04 20:44:33
420,Archidona,37.0965,-4.3887,52.41,74,97,5.93,ES,2021-12-04 20:44:33
421,Llallagua,-18.4167,-66.6333,55.9,49,80,14.54,BO,2021-12-04 20:44:34
422,Syamzha,60.0158,41.0614,-4.22,100,100,3.87,RU,2021-12-04 20:44:34
423,Xining,36.6167,101.7667,26.15,30,0,2.62,CN,2021-12-04 20:44:34
424,Amapa,1.0,-52.0,74.03,98,100,3.89,BR,2021-12-04 20:44:34
425,Beyneu,45.3167,55.2,32.27,78,6,10.45,KZ,2021-12-04 20:44:35
426,Srednekolymsk,67.45,153.6833,-40.9,100,61,2.64,RU,2021-12-04 20:44:35
427,Geraldton,-28.7667,114.6,64.81,68,0,11.5,AU,2021-12-04 20:44:35
428,Marawi,7.9986,124.2928,66.65,98,85,4.14,PH,2021-12-04 20:44:36
429,Katima Mulilo,-17.5,24.2667,81.37,47,99,11.05,NA,2021-12-04 20:44:36
430,Vorukh,39.8494,70.5838,42.17,35,100,3.09,TJ,2021-12-04 20:44:36
431,Bezenchuk,52.982,49.4333,32.61,97,100,5.86,RU,2021-12-04 20:44:37
432,Arlit,18.7369,7.3853,71.87,15,9,7.65,NE,2021-12-04 20:44:37
433,Yantal,56.8471,105.2542,23.05,81,100,14.05,RU,2021-12-04 20:44:37
434,Mafra,-26.1114,-49.8053,77.95,65,36,7.83,BR,2021-12-04 20:44:37
435,Arona,28.0996,-16.681,63.39,55,20,1.99,ES,2021-12-04 20:44:38
436,Hofn,64.2539,-15.2082,31.42,57,0,10.36,IS,2021-12-04 20:44:38
437,Xam Nua,20.4197,104.0439,44.46,79,63,1.9,LA,2021-12-04 20:44:38
438,La Asuncion,11.0333,-63.8628,87.53,66,64,16.11,VE,2021-12-04 20:44:38
439,Fort Saint James,54.4333,-124.25,24.94,70,100,3.13,CA,2021-12-04 20:44:39
440,Riwaka,-41.0833,173.0,67.01,95,100,8.93,NZ,2021-12-04 20:44:39
441,Dibulla,11.2725,-73.3091,91.42,56,33,14.83,CO,2021-12-04 20:44:39
442,Dicabisagan,17.0818,122.4157,71.6,84,100,9.95,PH,2021-12-04 20:44:39
443,Nanortalik,60.1432,-45.2371,35.44,94,97,38.88,GL,2021-12-04 20:44:40
444,Oyama,36.3,139.8,46.58,45,0,2.73,JP,2021-12-04 20:44:40
445,Rocha,-34.4833,-54.3333,69.53,64,83,10.89,UY,2021-12-04 20:44:40
446,Yenagoa,4.9247,6.2642,80.49,81,97,5.5,NG,2021-12-04 20:44:41
447,Goderich,43.7501,-81.7165,38.91,51,100,18.41,CA,2021-12-04 20:44:41
448,San Lorenzo,-25.3333,-57.5333,95.94,32,0,11.5,PY,2021-12-04 20:40:21
449,Juybar,36.6412,52.9124,39.36,65,1,6.29,IR,2021-12-04 20:44:41
450,Alice Town,25.7167,-79.3,75.56,64,100,7.16,BS,2021-12-04 20:44:42
451,Ust-Kan,50.9276,84.761,5.38,90,29,3.89,RU,2021-12-04 20:44:42
452,Tual,-5.6667,132.75,82.47,80,100,10.29,ID,2021-12-04 20:44:42
453,Bukama,-9.2,25.85,73.45,73,12,0.94,CD,2021-12-04 20:44:42
454,Tabou,4.423,-7.3528,80.51,79,10,9.37,CI,2021-12-04 20:44:43
455,Raufoss,60.7264,10.6172,15.46,98,100,1.63,NO,2021-12-04 20:44:43
456,Coquimbo,-29.9533,-71.3436,64.13,72,20,17.27,CL,2021-12-04 20:43:16
457,Pemangkat,1.1667,108.9667,77.58,87,87,6.89,ID,2021-12-04 20:44:43
458,Steamboat Springs,40.485,-106.8317,53.19,39,1,0.0,US,2021-12-04 20:44:43
459,Pontianak,-0.0333,109.3333,76.98,94,90,1.14,ID,2021-12-04 20:44:44
460,Waddan,29.1614,16.139,51.78,56,0,7.25,LY,2021-12-04 20:44:44
461,Lloydminster,53.2835,-110.0016,13.68,72,75,2.3,CA,2021-12-04 20:44:38
462,Rabaul,-4.1967,152.1721,81.0,78,99,4.47,PG,2021-12-04 20:44:44
463,Kodinsk,58.6881,99.1844,20.84,84,100,15.35,RU,2021-12-04 20:44:45
464,Vila Franca Do Campo,37.7167,-25.4333,64.2,84,100,0.74,PT,2021-12-04 20:45:45
465,Bambous Virieux,-20.3428,57.7575,78.22,83,40,8.05,MU,2021-12-04 20:45:45
466,Gualeguay,-33.1416,-59.3097,83.77,29,71,12.62,AR,2021-12-04 20:45:45
467,Calabozo,8.9242,-67.4293,95.23,29,53,7.36,VE,2021-12-04 20:45:46
468,Homnabad,17.7667,77.1333,66.49,52,1,8.32,IN,2021-12-04 20:45:46
469,Fayaoue,-20.65,166.5333,79.41,79,86,11.92,NC,2021-12-04 20:45:46
470,Ikast,56.1388,9.1577,39.54,93,90,10.36,DK,2021-12-04 20:45:47
471,Oeiras,-7.0253,-42.1311,74.82,87,100,3.47,BR,2021-12-04 20:45:47
472,Shenzhen,22.5455,114.0683,65.21,75,83,6.76,CN,2021-12-04 20:45:47
473,Santa Cruz,-17.8,-63.1667,92.66,55,20,6.91,BO,2021-12-04 20:41:22
474,Candido Mendes,-1.4467,-45.7167,79.25,80,76,5.08,BR,2021-12-04 20:45:47
475,Vilani,56.5525,26.9245,20.71,97,97,3.51,LV,2021-12-04 20:45:48
476,Drovyanaya,51.5833,113.0333,26.11,69,34,16.08,RU,2021-12-04 20:45:48
477,Novovoronezh,51.3072,39.2173,30.65,82,97,2.66,RU,2021-12-04 20:45:48
478,Kaka,37.3482,59.6143,41.61,84,3,5.64,TM,2021-12-04 20:45:49
479,Melfi,40.9965,15.6514,46.49,82,28,9.08,IT,2021-12-04 20:45:49
480,Cockburn Town,21.4612,-71.1419,79.7,75,44,20.94,TC,2021-12-04 20:45:49
481,Najran,17.4924,44.1277,56.05,33,0,1.66,SA,2021-12-04 20:42:10
482,Severo-Kurilsk,50.6789,156.125,30.81,84,77,24.02,RU,2021-12-04 20:45:50
483,Itarema,-2.9248,-39.9167,81.18,76,55,14.23,BR,2021-12-04 20:45:50
484,Talcahuano,-36.7167,-73.1167,73.08,49,0,20.71,CL,2021-12-04 20:45:15
485,Hirara,24.8,125.2833,68.47,59,73,13.24,JP,2021-12-04 20:45:50
486,Grand Gaube,-20.0064,57.6608,78.39,71,61,3.0,MU,2021-12-04 20:45:51
487,Lucapa,-8.4192,20.7447,66.6,96,81,2.17,AO,2021-12-04 20:45:51
488,Mildura,-34.2,142.15,60.08,62,33,6.91,AU,2021-12-04 20:45:51
489,Tilichiki,60.4667,166.1,16.77,94,100,10.27,RU,2021-12-04 20:45:52
490,Palu,-0.8917,119.8707,75.76,94,100,2.3,ID,2021-12-04 20:45:52
491,Tambopata,-12.7333,-69.1833,93.87,42,77,2.37,PE,2021-12-04 20:45:52
492,Maragogi,-9.0122,-35.2225,78.71,82,42,7.78,BR,2021-12-04 20:45:53
493,Bismarck,46.8083,-100.7837,28.24,93,90,14.97,US,2021-12-04 20:45:53
494,Mount Pleasant,32.7941,-79.8626,73.54,73,1,1.01,US,2021-12-04 20:45:54
495,Saint-Dizier,48.4167,5.0833,39.25,93,55,11.48,FR,2021-12-04 20:45:54
496,Diapaga,12.0708,1.7889,79.18,15,76,7.07,BF,2021-12-04 20:45:54
497,Sturlic,45.0639,15.7781,34.11,87,99,5.32,BA,2021-12-04 20:45:55
498,Maxixe,-23.8597,35.3472,77.09,90,0,11.9,MZ,2021-12-04 20:45:55
499,Monte Azul,-15.155,-42.8747,72.37,89,25,3.33,BR,2021-12-04 20:45:55
500,Egvekinot,66.3167,-179.1667,-26.07,94,31,5.64,RU,2021-12-04 20:45:55
501,Lata,40.1629,-8.3327,52.81,97,9,3.13,PT,2021-12-04 20:45:56
502,Abidjan,5.3094,-4.0197,84.16,79,40,6.91,CI,2021-12-04 20:42:42
503,Mastic Beach,40.7668,-72.8521,46.45,66,1,1.01,US,2021-12-04 20:45:56
504,Margate,51.3813,1.3862,42.91,73,96,1.99,GB,2021-12-04 20:43:08
505,Ucluelet,48.9329,-125.5528,41.31,90,59,8.52,CA,2021-12-04 20:43:06
506,Sal Rei,16.1833,-22.9167,72.16,73,100,19.66,CV,2021-12-04 20:45:56
507,Andenes,69.3143,16.1194,19.38,58,0,11.5,NO,2021-12-04 20:45:57
508,Zelenoborskiy,66.845,32.3622,-0.11,97,37,4.85,RU,2021-12-04 20:45:57
509,Gazanjyk,39.2446,55.5154,42.03,79,0,9.26,TM,2021-12-04 20:45:57
510,Maltahohe,-24.8333,16.9833,54.7,53,0,10.74,NA,2021-12-04 20:45:58
511,Nikolayevka,53.1257,47.2041,30.88,79,100,7.09,RU,2021-12-04 20:45:58
512,Drexel Heights,32.1412,-111.0284,77.27,27,1,1.99,US,2021-12-04 20:46:58
513,Iranshahr,27.2025,60.6848,61.14,36,0,4.61,IR,2021-12-04 20:46:59
514,Ballachulish,56.6774,-5.1308,42.89,90,61,1.01,GB,2021-12-04 20:46:59
515,Garzon,2.1959,-75.6278,75.63,88,100,3.04,CO,2021-12-04 20:42:23
516,Inuvik,68.3499,-133.7218,-15.59,76,1,4.61,CA,2021-12-04 20:46:59
517,Kungurtug,50.5994,97.5228,5.5,95,95,2.73,RU,2021-12-04 20:46:59
518,Middle Island,40.8843,-72.9373,47.08,64,1,1.99,US,2021-12-04 20:47:00
519,Los Llanos De Aridane,28.6585,-17.9182,62.35,55,40,13.0,ES,2021-12-04 20:47:00
520,Gejiu,23.306,103.1635,38.37,84,95,2.39,CN,2021-12-04 20:47:00
521,Aleksandrov Gay,50.147,48.5704,43.0,92,100,15.82,RU,2021-12-04 20:47:01
522,Kang,-23.6752,22.7876,73.89,58,95,9.64,BW,2021-12-04 20:47:01
523,Santa Isabel Do Rio Negro,-0.4139,-65.0192,80.06,94,100,1.66,BR,2021-12-04 20:47:01
524,Taywarah,33.35,64.4167,23.14,92,10,3.85,AF,2021-12-04 20:47:01
525,Red Wing,44.5625,-92.5338,35.47,49,90,1.99,US,2021-12-04 20:47:02
526,Pindi Gheb,33.2402,72.2661,58.69,44,8,6.38,PK,2021-12-04 20:44:31
527,Morondava,-20.2833,44.2833,80.01,79,31,3.47,MG,2021-12-04 20:47:02
528,Saryozek,44.3583,77.9753,39.33,58,76,1.39,KZ,2021-12-04 20:47:02
529,Mamallapuram,12.6264,80.1722,79.05,72,7,2.62,IN,2021-12-04 20:47:03
530,Terra Santa,-2.1042,-56.4869,80.71,83,53,2.75,BR,2021-12-04 20:47:03
531,Diffa,13.3154,12.6113,76.5,19,30,9.31,NE,2021-12-04 20:47:04
532,Pevek,69.7008,170.3133,-17.93,99,100,7.72,RU,2021-12-04 20:47:04
533,Loreto,22.2667,-101.9667,73.47,20,21,6.04,MX,2021-12-04 20:47:04
534,Tianpeng,30.9866,103.9393,43.27,70,2,3.6,CN,2021-12-04 20:47:04
535,Dubbo,-32.25,148.6167,62.73,72,0,16.11,AU,2021-12-04 20:47:05
536,Salvador,13.8333,-88.9167,84.6,45,28,2.1,SV,2021-12-04 20:47:05
537,Northam,51.0333,-4.2167,45.39,76,52,25.03,GB,2021-12-04 20:47:05
538,Alyangula,-13.8483,136.4192,76.87,100,100,0.0,AU,2021-12-04 20:47:06
539,Athabasca,54.7169,-113.2854,15.62,84,100,9.33,CA,2021-12-04 20:47:06
540,Chudniv,50.052,28.1175,28.81,79,100,9.13,UA,2021-12-04 20:47:07
541,Jogindarnagar,31.9833,76.7667,55.81,46,2,5.68,IN,2021-12-04 20:47:07
542,Punta Alta,-38.8759,-62.0736,62.13,56,100,5.14,AR,2021-12-04 20:47:07
543,Ismailia,30.6043,32.2723,62.46,41,76,9.28,EG,2021-12-04 20:47:08
544,Vung Tau,10.346,107.0843,72.57,80,100,7.74,VN,2021-12-04 20:47:08
545,San Juan,-31.5375,-68.5364,68.2,59,100,13.42,AR,2021-12-04 20:44:10
546,Kaohsiung,22.6163,120.3133,65.03,77,20,1.01,TW,2021-12-04 20:45:57
547,Atambua,-9.1061,124.8925,73.9,93,100,2.44,ID,2021-12-04 20:47:08
548,Troy,42.6056,-83.1499,44.98,37,1,5.01,US,2021-12-04 20:47:08
549,Chongwe,-15.3292,28.682,76.37,38,48,5.37,ZM,2021-12-04 20:47:09
550,Menongue,-14.6585,17.691,62.53,94,100,4.32,AO,2021-12-04 20:47:09
551,Altamira,-3.2033,-52.2064,84.29,74,0,3.44,BR,2021-12-04 20:47:09
552,Moose Factory,51.2585,-80.6094,12.2,61,75,6.91,CA,2021-12-04 20:42:29
553,Langsa,4.4683,97.9683,73.42,95,21,1.86,ID,2021-12-04 20:47:10
554,Ambilobe,-13.2,49.05,77.2,74,1,5.14,MG,2021-12-04 20:44:55
555,Marsh Harbour,26.5412,-77.0636,75.67,65,5,8.59,BS,2021-12-04 20:47:10
556,Male,4.1748,73.5089,82.35,83,75,10.36,MV,2021-12-04 20:47:10
557,Lisakovsk,52.5369,62.4936,29.98,92,100,11.92,KZ,2021-12-04 20:48:11
558,Westlock,54.1502,-113.8688,21.34,85,100,5.48,CA,2021-12-04 20:48:11
559,Leshukonskoye,64.8989,45.7622,1.24,80,100,10.56,RU,2021-12-04 20:48:11
560,Palmer,42.1584,-72.3287,42.08,59,75,8.05,US,2021-12-04 20:48:12
561,Gorontalo,0.5412,123.0595,76.24,95,100,1.88,ID,2021-12-04 20:48:12
562,Dawson Creek,55.7666,-120.2362,-2.85,77,90,6.91,CA,2021-12-04 20:45:35
563,Acarau,-2.8856,-40.12,81.45,76,52,15.03,BR,2021-12-04 20:48:12
564,Datong,40.0936,113.2914,28.44,35,0,4.56,CN,2021-12-04 20:48:12
565,Roma,43.2128,-75.4557,44.65,60,75,3.0,US,2021-12-04 20:45:46
566,Stepnogorsk,52.3544,71.8869,31.08,91,100,12.37,KZ,2021-12-04 20:48:13
567,Ponta Delgada,37.7333,-25.6667,64.51,77,40,4.61,PT,2021-12-04 20:48:13
568,Katsuura,35.1333,140.3,47.19,60,4,12.75,JP,2021-12-04 20:48:13
569,Roblin,51.23,-101.3565,17.42,91,80,3.8,CA,2021-12-04 20:48:14
570,Vanavara,60.34,102.2797,16.02,82,100,14.29,RU,2021-12-04 20:48:14
571,Voh,-20.9667,164.7,81.18,70,12,3.94,NC,2021-12-04 20:48:14
572,Drayton Valley,53.2168,-114.9854,19.9,70,100,1.63,CA,2021-12-04 20:48:15
573,Comodoro Rivadavia,-45.8667,-67.5,73.26,21,0,17.27,AR,2021-12-04 20:48:15
574,Paignton,50.4357,-3.5679,43.12,88,68,1.01,GB,2021-12-04 20:48:15
575,Sumenep,-7.0167,113.8667,78.04,88,100,12.64,ID,2021-12-04 20:48:16
576,Nouadhibou,20.931,-17.0347,66.18,68,9,12.66,MR,2021-12-04 20:48:16
577,Sandnessjoen,66.0217,12.6316,24.78,56,8,8.99,NO,2021-12-04 20:48:16
578,Remanso,-9.6179,-42.0831,77.95,65,99,4.65,BR,2021-12-04 20:48:17
579,Beringovskiy,63.05,179.3167,16.97,97,100,5.95,RU,2021-12-04 20:48:17
580,Emirdag,39.0197,31.15,48.2,86,100,4.14,TR,2021-12-04 20:48:17
581,Darhan,49.4867,105.9228,12.45,90,50,2.66,MN,2021-12-04 20:48:18
582,Koungou,-12.7336,45.2042,80.31,83,0,3.44,YT,2021-12-04 20:48:18
583,Tenochtitlan,24.0769,-104.5844,73.38,23,95,1.61,MX,2021-12-04 20:48:18
584,Verkhnyaya Inta,65.9811,60.3094,-13.63,87,73,8.57,RU,2021-12-04 20:48:18
585,Rawlins,41.7911,-107.2387,55.62,24,1,26.46,US,2021-12-04 20:48:19
586,Honiara,-9.4333,159.95,82.65,77,87,2.19,SB,2021-12-04 20:48:19
587,Kostomuksha,64.571,30.5767,10.31,93,100,7.96,RU,2021-12-04 20:48:19
588,Tabuk,17.4189,121.4443,65.93,91,100,4.36,PH,2021-12-04 20:48:20
589,Strezhevoy,60.7333,77.5889,8.58,96,100,1.32,RU,2021-12-04 20:48:20
590,Dakar,14.6937,-17.4441,74.28,88,100,6.91,SN,2021-12-04 20:46:02
591,Udachnyy,66.4167,112.4,-17.55,68,98,15.35,RU,2021-12-04 20:48:21
592,Faya,18.3851,42.4509,53.71,34,0,0.69,SA,2021-12-04 20:48:21
593,Samarai,-10.6167,150.6667,81.61,76,100,4.68,PG,2021-12-04 20:43:41
594,Susehri,40.1644,38.0867,40.23,55,100,3.78,TR,2021-12-04 20:48:21
595,La Ronge,55.1001,-105.2842,-0.15,65,75,2.3,CA,2021-12-04 20:48:21
596,Shenjiamen,29.9576,122.298,54.39,60,65,5.06,CN,2021-12-04 20:48:22
597,Zharkent,44.1628,80.0,38.55,48,98,0.98,KZ,2021-12-04 20:48:22
598,Poso,-1.3959,120.7524,79.32,74,100,2.08,ID,2021-12-04 20:48:22
599,Zhangjiakou,40.81,114.8794,28.69,45,0,0.78,CN,2021-12-04 20:44:50
600,Bandarbeyla,9.4942,50.8122,76.53,67,27,17.83,SO,2021-12-04 20:48:23
601,Lalibela,12.0333,39.0333,57.04,53,3,5.12,ET,2021-12-04 20:48:23
602,Chuy,-33.6971,-53.4616,67.82,79,100,9.69,UY,2021-12-04 20:48:23
603,Safranbolu,41.2508,32.6942,48.4,85,88,1.1,TR,2021-12-04 20:48:23
604,Manokwari,-0.8667,134.0833,79.05,86,99,5.12,ID,2021-12-04 20:49:24
605,Constitucion,-35.3333,-72.4167,67.59,56,4,15.14,CL,2021-12-04 20:45:56
606,Vitim,59.4511,112.5578,25.36,83,100,11.61,RU,2021-12-04 20:49:24
607,Nizwa,22.9333,57.5333,66.65,60,2,4.07,OM,2021-12-04 20:49:24
608,Podosinovets,60.2776,47.0659,4.51,95,100,7.49,RU,2021-12-04 20:49:25
609,Puksoozero,62.5903,40.6066,0.43,91,100,9.75,RU,2021-12-04 20:49:25
610,Ko Samui,9.5357,99.9357,79.59,61,77,12.86,TH,2021-12-04 20:49:25
611,Carroll,39.5501,-77.0164,56.98,47,1,3.0,US,2021-12-04 20:49:25
612,Upata,8.0086,-62.3989,84.2,61,90,4.61,VE,2021-12-04 20:49:26
613,Pokhara,28.2333,83.9833,58.24,58,1,4.41,NP,2021-12-04 20:49:26
614,Dover,39.1582,-75.5244,55.13,65,1,3.44,US,2021-12-04 20:45:35
615,Dubna,56.7333,37.1667,15.31,98,76,3.89,RU,2021-12-04 20:49:26
616,Severo-Yeniseyskiy,60.3725,93.0408,4.21,91,100,10.51,RU,2021-12-04 20:49:27
617,Awjilah,29.1081,21.2869,56.64,46,0,14.74,LY,2021-12-04 20:49:27
618,Pueblo Nuevo,23.3833,-105.3833,71.38,25,75,5.73,MX,2021-12-04 20:49:27
619,Popondetta,-8.7537,148.2534,75.63,96,100,2.62,PG,2021-12-04 20:49:28
620,Chenghai,23.4632,116.768,49.91,87,0,2.24,CN,2021-12-04 20:49:28
621,Laem Sing,12.4816,102.0738,67.73,68,49,10.18,TH,2021-12-04 20:49:28
622,Kyra,49.5776,111.9753,24.39,64,93,11.36,RU,2021-12-04 20:49:28
623,Kijang,35.2442,129.2139,33.53,55,0,4.99,KR,2021-12-04 20:49:29
624,Piranshahr,36.701,45.1413,37.31,36,49,4.88,IR,2021-12-04 20:49:29
625,Kabalo,-6.05,26.9167,71.83,84,1,3.56,CD,2021-12-04 20:49:29
626,Mangaratiba,-22.9597,-44.0406,79.93,79,81,3.13,BR,2021-12-04 20:49:30
627,Zheleznodorozhnyy,55.7503,38.0042,23.36,97,73,2.75,RU,2021-12-04 20:49:30
628,Akcaabat,41.0212,39.5715,55.27,47,0,4.61,TR,2021-12-04 20:49:30
629,Taraz,42.9,71.3667,47.28,93,90,6.71,KZ,2021-12-04 20:49:31
630,San Pedro,14.35,121.0167,73.35,73,20,2.3,PH,2021-12-04 20:49:31
631,Olinda,-8.0089,-34.8553,83.93,74,75,9.22,BR,2021-12-04 20:49:31
632,Kohlu,29.8962,69.252,46.56,38,0,3.06,PK,2021-12-04 20:49:31
633,Hualmay,-11.0964,-77.6139,70.27,77,96,8.7,PE,2021-12-04 20:49:32
634,Acajutla,13.5928,-89.8275,87.6,53,43,6.44,SV,2021-12-04 20:49:32
635,Hervey Bay,-25.2986,152.8535,75.04,72,41,11.34,AU,2021-12-04 20:49:32
636,Tyumentsevo,53.3224,81.498,16.2,98,98,6.13,RU,2021-12-04 20:49:33
637,Hambantota,6.1241,81.1185,77.76,85,88,4.27,LK,2021-12-04 20:49:33
638,Roebourne,-20.7833,117.1333,86.97,30,24,13.85,AU,2021-12-04 20:49:33
639,Xichang,27.8964,102.2634,46.26,90,25,0.78,CN,2021-12-04 20:49:33
640,Alcaniz,41.05,-0.1333,52.09,67,82,22.48,ES,2021-12-04 20:49:34
641,Zhezkazgan,47.8043,67.7144,27.84,68,100,7.14,KZ,2021-12-04 20:49:34
642,Doha,25.2867,51.5333,66.18,70,0,9.22,QA,2021-12-04 20:49:34
643,Senador Guiomard,-10.1522,-67.7392,82.15,83,98,2.68,BR,2021-12-04 20:49:35
644,Kasane,-17.8167,25.15,84.52,29,94,4.16,BW,2021-12-04 20:49:35
645,General Jose Eduvigis Diaz,-27.1667,-58.4167,86.04,44,62,9.04,PY,2021-12-04 20:49:35
646,Naze,28.3667,129.4833,57.25,65,99,10.07,JP,2021-12-04 20:49:35
647,Loiza,18.4313,-65.8802,83.86,74,40,13.8,PR,2021-12-04 20:49:36
648,Obidos,-1.9175,-55.5181,79.66,86,47,3.56,BR,2021-12-04 20:50:36
649,Ossora,59.2353,163.0719,28.31,97,100,7.52,RU,2021-12-04 20:50:36
650,Paungde,18.4833,95.5,69.42,81,100,4.34,MM,2021-12-04 20:50:37
651,Kingman,35.1894,-114.053,65.55,19,1,10.36,US,2021-12-04 20:50:37
652,Sakaraha,-22.9,44.5333,75.49,48,4,3.58,MG,2021-12-04 20:50:37
653,Khanpur,28.6453,70.6567,61.92,22,0,5.28,PK,2021-12-04 20:50:37
654,Sungaipenuh,-2.0833,101.3833,64.24,96,100,1.05,ID,2021-12-04 20:50:38
655,Loano,44.133,8.2513,53.31,56,59,5.01,IT,2021-12-04 20:50:38
656,Jedovnice,49.3445,16.756,31.64,81,100,9.55,CZ,2021-12-04 20:50:38
657,Novo Cruzeiro,-17.4681,-41.8753,67.23,95,52,4.47,BR,2021-12-04 20:50:38
658,Husavik,66.0449,-17.3389,12.11,80,29,11.74,IS,2021-12-04 20:50:39
659,Praia Da Vitoria,38.7333,-27.0667,63.75,88,40,6.4,PT,2021-12-04 20:50:39
660,Eyl,7.9803,49.8164,76.6,69,94,17.78,SO,2021-12-04 20:50:39
661,Homer,59.6425,-151.5483,19.04,86,90,0.0,US,2021-12-04 20:50:40
662,Muros,42.7762,-9.0603,54.23,92,100,12.64,ES,2021-12-04 20:50:40
663,Pitimbu,-7.4706,-34.8086,82.99,78,35,10.87,BR,2021-12-04 20:49:43
664,Moses Lake,47.1301,-119.2781,43.88,49,20,5.75,US,2021-12-04 20:50:40
665,Santa Maria,-29.6842,-53.8069,88.9,43,0,5.75,BR,2021-12-04 20:50:41
666,Huarmey,-10.0681,-78.1522,70.3,79,100,10.25,PE,2021-12-04 20:50:41
667,Kudahuvadhoo,2.6708,72.8944,81.97,78,19,11.95,MV,2021-12-04 20:50:41
668,Congonhas,-20.4997,-43.8578,82.81,91,13,4.61,BR,2021-12-04 20:50:41
669,Dengfeng,34.4553,113.0281,42.57,34,97,4.59,CN,2021-12-04 20:50:42
670,Sivas,39.7916,37.0019,33.73,87,100,6.17,TR,2021-12-04 20:50:42
671,Purpe,64.4803,76.6897,-16.85,100,99,5.08,RU,2021-12-04 20:50:42
672,Lima,-12.0432,-77.0282,74.89,68,40,12.66,PE,2021-12-04 20:50:43
673,Lewistown,40.5992,-77.5714,51.82,37,1,6.91,US,2021-12-04 20:50:43
674,Awassa,7.05,38.4667,64.35,54,83,7.54,ET,2021-12-04 20:50:43
675,Bud,39.447,-86.1758,52.3,53,100,7.47,US,2021-12-04 20:50:43
676,Terrace,54.5163,-128.6035,36.43,86,40,8.05,CA,2021-12-04 20:50:44
677,Deputatskiy,69.3,139.9,-39.87,96,43,2.13,RU,2021-12-04 20:47:38
678,Namtsy,62.7161,129.6658,-23.69,97,100,5.88,RU,2021-12-04 20:50:44
679,Saint-Augustin,51.226,-58.6502,21.43,55,35,18.66,CA,2021-12-04 20:47:49
680,Waingapu,-9.6567,120.2641,80.87,76,100,7.14,ID,2021-12-04 20:50:44
681,Sidney,-33.8679,151.2073,65.28,79,75,5.01,AU,2021-12-04 20:50:45
682,Esmeraldas,-19.7625,-44.3139,84.31,80,23,3.06,BR,2021-12-04 20:50:45
683,Imbituba,-28.24,-48.6703,75.09,77,97,14.32,BR,2021-12-04 20:50:45
