City_ID,City,Lat,Lng,Max Temp,Humidity,Cloudiness,Wind Speed,Country,Date,Current Description
0,Port Elizabeth,-33.918,25.5701,63.1,94,90,10.36,ZA,2021-12-04 22:29:52,light rain
1,Vaini,-21.2,-175.2,84.36,74,40,12.66,TO,2021-12-04 22:28:14,light rain
2,Dudinka,69.4058,86.1778,-30.39,100,92,5.57,RU,2021-12-04 22:35:05,overcast clouds
3,Kodiak,57.79,-152.4072,26.11,68,90,8.05,US,2021-12-04 22:28:28,overcast clouds
4,Rikitea,-23.1203,-134.9692,76.06,71,40,10.0,PF,2021-12-04 22:23:06,scattered clouds
5,Ilulissat,69.2167,-51.1,37.42,52,20,31.07,GL,2021-12-04 22:27:09,few clouds
6,Ulagan,50.6321,87.9563,6.37,88,35,2.77,RU,2021-12-04 22:35:05,scattered clouds
7,Albany,42.6001,-73.9662,41.81,73,85,7.05,US,2021-12-04 22:25:05,overcast clouds
8,Dikson,73.5069,80.5464,-22.86,100,100,9.75,RU,2021-12-04 22:27:02,overcast clouds
9,Pala,9.3642,14.9046,78.04,28,88,6.82,TD,2021-12-04 22:35:05,overcast clouds
10,Busselton,-33.65,115.3333,56.08,68,1,10.65,AU,2021-12-04 22:23:00,clear sky
11,Saint-Philippe,-21.3585,55.7679,76.55,83,29,9.28,RE,2021-12-04 22:31:30,scattered clouds
12,Hobart,-42.8794,147.3294,57.25,56,40,1.99,AU,2021-12-04 22:23:24,scattered clouds
13,Georgetown,5.4112,100.3354,78.89,84,20,9.22,MY,2021-12-04 22:25:24,few clouds
14,Kapaa,22.0752,-159.319,72.12,68,75,1.01,US,2021-12-04 22:28:21,broken clouds
15,Butaritari,3.0707,172.7902,83.21,78,28,19.98,KI,2021-12-04 22:33:54,scattered clouds
16,Sao Felix Do Xingu,-6.6447,-51.995,73.62,96,100,1.41,BR,2021-12-04 22:35:06,overcast clouds
17,Phan Thiet,10.9333,108.1,66.94,77,31,4.25,VN,2021-12-04 22:35:06,scattered clouds
18,Mocajuba,-2.5842,-49.5072,75.87,93,100,0.45,BR,2021-12-04 22:35:07,overcast clouds
19,Ushuaia,-54.8,-68.3,51.46,54,40,19.57,AR,2021-12-04 22:27:05,scattered clouds
20,Mahebourg,-20.4081,57.7,77.29,78,20,5.75,MU,2021-12-04 22:29:13,few clouds
21,Zeya,53.75,127.2667,4.41,77,100,3.65,RU,2021-12-04 22:35:07,overcast clouds
22,Klaksvik,62.2266,-6.589,34.72,58,100,19.98,FO,2021-12-04 22:34:01,overcast clouds
23,Sabha,27.0377,14.4283,48.02,38,3,4.5,LY,2021-12-04 22:35:07,clear sky
24,Kefalos,36.7453,26.9589,59.22,82,75,13.8,GR,2021-12-04 22:35:08,broken clouds
25,Aldan,58.6031,125.3894,17.06,90,98,9.33,RU,2021-12-04 22:35:08,overcast clouds
26,Redlands,34.0556,-117.1825,79.68,44,1,0.0,US,2021-12-04 22:35:08,haze
27,Ust-Omchug,61.15,149.6333,-39.28,100,96,0.58,RU,2021-12-04 22:35:09,overcast clouds
28,Parabel,58.6978,81.4825,20.32,93,100,9.35,RU,2021-12-04 22:35:09,overcast clouds
29,Faanui,-16.4833,-151.75,81.39,66,38,14.38,PF,2021-12-04 22:28:13,scattered clouds
30,Lorengau,-2.0226,147.2712,84.34,78,100,18.41,PG,2021-12-04 22:35:09,moderate rain
31,Atuona,-9.8,-139.0333,78.51,74,8,17.72,PF,2021-12-04 22:29:15,clear sky
32,Wajir,1.7471,40.0573,76.64,77,41,11.72,KE,2021-12-04 22:35:10,scattered clouds
33,Dongsheng,39.8161,109.9776,26.38,29,0,8.48,CN,2021-12-04 22:35:10,clear sky
34,Micheweni,-4.9667,39.8333,78.12,82,23,4.63,TZ,2021-12-04 22:35:10,light rain
35,Akonolinga,3.7667,12.25,73.15,83,83,2.04,CM,2021-12-04 22:35:11,broken clouds
36,Saskylakh,71.9167,114.0833,-19.53,98,100,5.57,RU,2021-12-04 22:30:57,overcast clouds
37,Lavrentiya,65.5833,-171.0,6.46,91,36,3.18,RU,2021-12-04 22:27:07,scattered clouds
38,Udachnyy,66.4167,112.4,-19.55,68,99,18.1,RU,2021-12-04 22:35:11,overcast clouds
39,Dodge City,37.7528,-100.0171,56.21,54,1,4.0,US,2021-12-04 22:35:11,clear sky
40,Zalha,47.1833,23.5333,27.09,86,84,3.83,RO,2021-12-04 22:35:12,broken clouds
41,Arraial Do Cabo,-22.9661,-42.0278,73.53,80,6,8.34,BR,2021-12-04 22:28:12,clear sky
42,Cape Town,-33.9258,18.4232,64.27,85,75,1.99,ZA,2021-12-04 22:25:10,light rain
43,Srednekolymsk,67.45,153.6833,-42.0,100,67,2.3,RU,2021-12-04 22:36:12,broken clouds
44,Kenora,49.8167,-94.4337,17.58,67,40,4.61,CA,2021-12-04 22:31:17,scattered clouds
45,Egvekinot,66.3167,-179.1667,-19.82,86,54,7.29,RU,2021-12-04 22:36:12,broken clouds
46,Chokurdakh,70.6333,147.9167,-40.41,100,58,2.59,RU,2021-12-04 22:36:13,broken clouds
47,Hualmay,-11.0964,-77.6139,69.15,80,97,8.48,PE,2021-12-04 22:29:12,overcast clouds
48,Tucumcari,35.1717,-103.725,61.95,31,1,8.05,US,2021-12-04 22:36:13,clear sky
49,Saldanha,-33.0117,17.9442,60.85,89,100,9.78,ZA,2021-12-04 22:36:14,light rain
50,Lewisporte,49.2499,-55.0482,25.18,59,17,12.71,CA,2021-12-04 22:36:14,few clouds
51,Alice Springs,-23.7,133.8833,78.35,25,22,10.36,AU,2021-12-04 22:32:44,few clouds
52,Banes,20.9625,-75.7186,75.81,84,69,8.99,CU,2021-12-04 22:36:14,broken clouds
53,Sitka,57.0531,-135.33,30.09,80,75,9.22,US,2021-12-04 22:30:26,broken clouds
54,Awjilah,29.1081,21.2869,58.78,47,32,17.76,LY,2021-12-04 22:36:14,scattered clouds
55,Dalton,34.7698,-84.9702,67.78,74,90,0.0,US,2021-12-04 22:31:16,overcast clouds
56,Hambantota,6.1241,81.1185,77.23,86,79,4.29,LK,2021-12-04 22:36:15,broken clouds
57,Port Lincoln,-34.7333,135.8667,60.67,68,100,12.21,AU,2021-12-04 22:31:39,overcast clouds
58,Yulara,-25.2406,130.9889,71.44,43,35,18.41,AU,2021-12-04 22:36:15,scattered clouds
59,Jamestown,42.097,-79.2353,38.79,65,75,8.01,US,2021-12-04 22:27:01,broken clouds
60,Yellowknife,62.456,-114.3525,-26.59,91,20,3.44,CA,2021-12-04 22:22:25,few clouds
61,Porto Santo,33.072,-16.3415,66.11,68,75,16.11,PT,2021-12-04 22:36:16,broken clouds
62,Bilibino,68.0546,166.4372,-40.95,99,49,4.99,RU,2021-12-04 22:32:17,scattered clouds
63,Puerto Ayora,-0.7393,-90.3518,75.16,83,78,7.7,EC,2021-12-04 22:28:16,broken clouds
64,Bredasdorp,-34.5322,20.0403,61.29,92,100,19.33,ZA,2021-12-04 22:31:33,moderate rain
65,Port Alfred,-33.5906,26.891,68.09,95,100,22.93,ZA,2021-12-04 22:23:00,light rain
66,Sapa,5.1544,120.3241,80.69,79,100,15.68,PH,2021-12-04 22:36:16,overcast clouds
67,Longyearbyen,78.2186,15.6401,19.24,73,75,18.41,SJ,2021-12-04 22:30:29,broken clouds
68,New Norfolk,-42.7826,147.0587,56.91,51,3,1.99,AU,2021-12-04 22:28:20,clear sky
69,Libertador General San Martin,-23.8064,-64.7876,73.08,85,93,1.92,AR,2021-12-04 22:36:17,overcast clouds
70,Faya,18.3851,42.4509,52.32,39,0,1.01,SA,2021-12-04 22:36:17,clear sky
71,Kirkcudbright,54.8383,-4.0491,41.94,68,100,20.58,GB,2021-12-04 22:36:17,overcast clouds
72,Hasaki,35.7333,140.8333,37.8,60,4,18.01,JP,2021-12-04 22:27:01,clear sky
73,Vila Franca Do Campo,37.7167,-25.4333,63.19,86,92,0.87,PT,2021-12-04 22:30:27,overcast clouds
74,Barrow,71.2906,-156.7887,15.82,79,90,16.11,US,2021-12-04 22:25:01,overcast clouds
75,Wisconsin Rapids,44.3836,-89.8174,34.83,53,90,8.05,US,2021-12-04 22:33:49,overcast clouds
76,Bluff,-46.6,168.3333,55.8,90,99,8.86,NZ,2021-12-04 22:27:04,light rain
77,San Juan,-31.5375,-68.5364,67.8,59,100,12.08,AR,2021-12-04 22:27:07,overcast clouds
78,Punta Arenas,-53.15,-70.9167,55.51,47,20,24.16,CL,2021-12-04 22:28:17,few clouds
79,Piacabucu,-10.4056,-36.4344,79.14,83,75,10.8,BR,2021-12-04 22:36:18,broken clouds
80,Aykhal,66.0,111.5,-21.59,99,99,5.14,RU,2021-12-04 22:31:35,overcast clouds
81,Maua,-23.6678,-46.4614,71.11,81,78,7.38,BR,2021-12-04 22:36:19,broken clouds
82,Ponta Do Sol,32.6667,-17.1,66.83,66,97,9.28,PT,2021-12-04 22:31:35,overcast clouds
83,Tuktoyaktuk,69.4541,-133.0374,-23.8,76,1,4.61,CA,2021-12-04 22:29:16,clear sky
84,Tigil,57.8,158.6667,22.14,95,100,14.5,RU,2021-12-04 22:36:19,light snow
85,Korla,41.7597,86.1469,26.42,61,95,1.41,CN,2021-12-04 22:32:46,overcast clouds
86,Khatanga,71.9667,102.5,-21.1,97,100,9.35,RU,2021-12-04 22:25:23,overcast clouds
87,Luderitz,-26.6481,15.1594,60.93,89,5,6.4,NA,2021-12-04 22:28:16,clear sky
88,Senneterre,48.3835,-77.2328,8.82,96,100,3.36,CA,2021-12-04 22:36:19,overcast clouds
89,Pevek,69.7008,170.3133,-24.41,99,91,6.11,RU,2021-12-04 22:33:58,overcast clouds
90,Kirovsk,48.6375,38.6428,31.06,99,100,10.69,UA,2021-12-04 22:37:20,snow
91,Talaya,61.3833,152.75,-36.71,100,100,1.81,RU,2021-12-04 22:37:20,overcast clouds
92,Vila Velha,-20.3297,-40.2925,76.95,78,75,4.61,BR,2021-12-04 22:28:12,broken clouds
93,La Asuncion,11.0333,-63.8628,83.93,70,60,18.41,VE,2021-12-04 22:35:09,broken clouds
94,San Jeronimo,-11.9472,-75.2829,55.96,76,100,3.96,PE,2021-12-04 22:37:20,overcast clouds
95,Upernavik,72.7868,-56.1549,23.36,63,100,2.66,GL,2021-12-04 22:32:07,overcast clouds
96,Male,4.1748,73.5089,82.35,78,40,11.5,MV,2021-12-04 22:37:21,scattered clouds
97,Villa De Cura,10.0386,-67.4894,72.48,78,46,4.09,VE,2021-12-04 22:37:21,scattered clouds
98,Ust-Maya,60.4167,134.5333,-9.65,98,100,3.85,RU,2021-12-04 22:37:21,overcast clouds
99,Olafsvik,64.8945,-23.7142,34.93,78,82,12.1,IS,2021-12-04 22:32:44,broken clouds
100,Canon City,38.441,-105.2424,65.32,35,1,5.99,US,2021-12-04 22:37:22,clear sky
101,Burns Lake,54.2331,-125.7533,24.22,85,100,3.13,CA,2021-12-04 22:35:27,light snow
102,Nikolskoye,59.7035,30.7861,13.01,94,99,5.88,RU,2021-12-04 22:31:42,overcast clouds
103,Fairbanks,64.8378,-147.7164,-21.01,68,1,0.0,US,2021-12-04 22:37:22,clear sky
104,Pitimbu,-7.4706,-34.8086,79.39,80,27,11.56,BR,2021-12-04 22:37:22,scattered clouds
105,Sonamukhi,23.3,87.4167,63.61,95,100,5.99,IN,2021-12-04 22:37:23,overcast clouds
106,Vagur,61.4732,-6.8119,41.4,53,99,18.39,FO,2021-12-04 22:37:23,overcast clouds
107,Payson,40.0444,-111.7321,59.99,47,40,4.61,US,2021-12-04 22:37:23,scattered clouds
108,Antofagasta,-23.65,-70.4,63.68,69,23,8.12,CL,2021-12-04 22:29:19,few clouds
109,Ancud,-41.8697,-73.8203,62.13,66,0,2.62,CL,2021-12-04 22:32:50,clear sky
110,Victoria,22.2855,114.1577,64.38,66,97,5.99,HK,2021-12-04 22:25:50,overcast clouds
111,Eyl,7.9803,49.8164,74.75,71,92,15.68,SO,2021-12-04 22:37:24,overcast clouds
112,Cabaiguan,22.0789,-79.4992,76.62,81,4,8.66,CU,2021-12-04 22:37:24,clear sky
113,Celestun,20.8667,-90.4,77.49,70,22,17.05,MX,2021-12-04 22:37:24,few clouds
114,Cherskiy,68.75,161.3,-36.78,100,43,2.71,RU,2021-12-04 22:37:25,scattered clouds
115,Vygonichi,53.0985,34.0673,24.91,100,94,4.47,RU,2021-12-04 22:37:25,mist
116,Hilo,19.7297,-155.09,76.28,83,90,0.0,US,2021-12-04 22:25:24,mist
117,Amazar,53.858,120.875,5.74,97,100,1.16,RU,2021-12-04 22:37:26,overcast clouds
118,Bachaquero,9.9694,-71.1494,82.08,71,59,6.4,VE,2021-12-04 22:37:26,broken clouds
119,Mount Pleasant,32.7941,-79.8626,66.34,81,1,1.99,US,2021-12-04 22:36:52,clear sky
120,Mataura,-46.1927,168.8643,55.47,91,100,6.17,NZ,2021-12-04 22:37:26,overcast clouds
121,Port Macquarie,-31.4333,152.9167,66.16,84,99,13.96,AU,2021-12-04 22:37:26,overcast clouds
122,Anadyr,64.75,177.4833,-3.5,76,75,17.0,RU,2021-12-04 22:37:27,light snow
123,Traverse City,44.7631,-85.6206,34.0,57,40,12.66,US,2021-12-04 22:37:27,scattered clouds
124,Mount Gambier,-37.8333,140.7667,58.91,55,40,14.97,AU,2021-12-04 22:37:27,scattered clouds
125,Poum,-20.2333,164.0167,81.52,69,18,9.86,NC,2021-12-04 22:33:56,few clouds
126,Dunedin,-45.8742,170.5036,54.81,66,100,3.0,NZ,2021-12-04 22:37:28,moderate rain
127,Vardo,70.3705,31.1107,21.13,75,16,24.07,NO,2021-12-04 22:37:28,few clouds
128,San Cristobal,7.7669,-72.225,75.38,75,54,2.64,VE,2021-12-04 22:32:44,broken clouds
129,Sao Filipe,14.8961,-24.4956,76.05,72,94,10.94,CV,2021-12-04 22:28:20,overcast clouds
130,Vanimo,-2.6741,141.3028,80.46,86,100,6.62,PG,2021-12-04 22:37:28,light rain
131,Mehamn,71.0357,27.8492,17.94,84,13,21.88,NO,2021-12-04 22:30:25,few clouds
132,Eldorado,-23.7869,-54.2836,79.12,51,80,5.17,BR,2021-12-04 22:37:29,broken clouds
133,Luena,-11.7833,19.9167,63.52,98,100,3.53,AO,2021-12-04 22:37:29,overcast clouds
134,Pisco,-13.7,-76.2167,69.85,78,0,19.57,PE,2021-12-04 22:37:29,clear sky
135,Une,4.4031,-74.0253,67.35,98,99,3.24,CO,2021-12-04 22:37:29,overcast clouds
136,Esperance,-33.8667,121.9,57.04,70,47,10.85,AU,2021-12-04 22:38:30,scattered clouds
137,Yar-Sale,66.8333,70.8333,-22.95,98,25,3.33,RU,2021-12-04 22:38:30,scattered clouds
138,Roswell,34.0232,-84.3616,66.43,76,1,1.01,US,2021-12-04 22:33:57,clear sky
139,Port Hedland,-20.3167,118.5667,80.65,54,75,9.22,AU,2021-12-04 22:38:31,broken clouds
140,Cabo San Lucas,22.8909,-109.9124,84.51,55,1,5.01,MX,2021-12-04 22:33:55,clear sky
141,Torbay,47.6666,-52.7314,31.57,56,40,27.63,CA,2021-12-04 22:38:31,scattered clouds
142,Gushikawa,26.3544,127.8686,63.63,64,90,13.8,JP,2021-12-04 22:38:31,overcast clouds
143,Paamiut,61.994,-49.6678,35.91,76,99,44.38,GL,2021-12-04 22:38:31,light rain
144,Constitucion,-35.3333,-72.4167,63.57,64,2,13.13,CL,2021-12-04 22:38:32,clear sky
145,Maroantsetra,-15.4333,49.7333,75.9,86,52,3.74,MG,2021-12-04 22:38:32,light rain
146,Nazca,-14.8333,-74.95,75.54,55,85,7.14,PE,2021-12-04 22:38:32,overcast clouds
147,Alyangula,-13.8483,136.4192,85.87,89,100,5.75,AU,2021-12-04 22:38:33,overcast clouds
148,Tutoia,-2.7619,-42.2744,81.19,81,71,11.32,BR,2021-12-04 22:38:33,broken clouds
149,Usinsk,65.9939,57.5281,-11.07,82,69,9.66,RU,2021-12-04 22:38:33,broken clouds
150,Port Hardy,50.6996,-127.4199,41.76,81,75,4.61,CA,2021-12-04 22:29:18,light rain
151,Victor Harbor,-35.5667,138.6167,65.46,69,100,9.86,AU,2021-12-04 22:38:34,overcast clouds
152,East London,-33.0153,27.9116,68.76,95,100,18.81,ZA,2021-12-04 22:30:28,light rain
153,Morgan City,29.6994,-91.2068,75.99,59,3,0.98,US,2021-12-04 22:38:34,clear sky
154,Severo-Kurilsk,50.6789,156.125,31.44,71,75,21.81,RU,2021-12-04 22:32:49,broken clouds
155,Muli,2.9167,73.5667,82.44,77,57,11.74,MV,2021-12-04 22:38:34,broken clouds
156,Brewster,41.3973,-73.6171,45.19,72,1,0.0,US,2021-12-04 22:36:35,clear sky
157,Hobyo,5.3505,48.5268,78.71,75,63,14.41,SO,2021-12-04 22:38:35,broken clouds
158,Kuala Terengganu,5.3302,103.1408,73.35,94,20,3.44,MY,2021-12-04 22:38:35,few clouds
159,Gibsons,49.3997,-123.5027,42.8,87,90,7.4,CA,2021-12-04 22:38:35,overcast clouds
160,Lasa,46.6166,10.7002,39.11,95,100,1.81,IT,2021-12-04 22:38:35,light snow
161,Ust-Kut,56.7938,105.7672,21.9,84,100,12.08,RU,2021-12-04 22:38:36,overcast clouds
162,Chornobay,49.6708,32.3239,30.18,84,43,5.66,UA,2021-12-04 22:38:36,scattered clouds
163,Pasni,25.2631,63.471,72.72,70,0,4.43,PK,2021-12-04 22:38:36,clear sky
164,Lebu,-37.6167,-73.65,56.53,74,0,20.78,CL,2021-12-04 22:30:24,clear sky
165,Botou,38.0667,116.5667,36.86,67,0,5.91,CN,2021-12-04 22:38:37,clear sky
166,Sobolevo,54.4299,31.8996,27.21,90,100,7.23,RU,2021-12-04 22:38:37,overcast clouds
167,Havre-Saint-Pierre,50.2334,-63.5986,26.6,54,1,24.16,CA,2021-12-04 22:38:37,clear sky
168,Charters Towers,-20.1,146.2667,83.44,53,0,7.56,AU,2021-12-04 22:38:38,clear sky
169,Killybegs,54.6333,-8.45,45.19,69,36,24.83,IE,2021-12-04 22:38:38,scattered clouds
170,Leningradskiy,69.3833,178.4167,-18.04,94,87,5.35,RU,2021-12-04 22:31:38,overcast clouds
171,College,64.8569,-147.8028,-21.01,68,75,0.0,US,2021-12-04 22:33:55,broken clouds
172,Taltal,-25.4,-70.4833,65.86,69,32,5.12,CL,2021-12-04 22:30:20,scattered clouds
173,Dwarka,22.2394,68.9678,74.59,51,0,14.03,IN,2021-12-04 22:38:38,clear sky
174,Mitu,1.1983,-70.1733,71.42,99,100,0.31,CO,2021-12-04 22:38:39,overcast clouds
175,Juan De Acosta,10.8281,-75.0334,83.59,80,78,11.07,CO,2021-12-04 22:38:39,broken clouds
176,Shimoda,34.6667,138.95,45.1,63,36,9.73,JP,2021-12-04 22:30:26,scattered clouds
177,Tabou,4.423,-7.3528,80.04,81,23,7.16,CI,2021-12-04 22:38:39,few clouds
178,Beringovskiy,63.05,179.3167,25.52,98,100,6.24,RU,2021-12-04 22:38:40,snow
179,Seddon,-37.8068,144.8916,62.35,54,20,13.8,AU,2021-12-04 22:31:34,few clouds
180,Mandurah,-32.55,115.7,71.22,53,0,8.12,AU,2021-12-04 22:38:40,clear sky
181,Bayan,46.0833,127.4,9.7,83,5,6.44,CN,2021-12-04 22:38:40,clear sky
182,Mbour,14.422,-16.9638,73.49,56,100,12.73,SN,2021-12-04 22:38:41,overcast clouds
183,Los Llanos De Aridane,28.6585,-17.9182,62.35,61,75,11.99,ES,2021-12-04 22:32:52,broken clouds
184,Oranjestad,12.524,-70.027,82.35,74,20,17.27,AW,2021-12-04 22:39:41,few clouds
185,Brownwood,31.7093,-98.9912,75.2,34,32,4.36,US,2021-12-04 22:39:41,scattered clouds
186,Beauchamps,50.012,1.5176,41.49,73,16,12.8,FR,2021-12-04 22:39:42,few clouds
187,Riacho De Santana,-13.6092,-42.9389,69.13,90,89,1.88,BR,2021-12-04 22:39:42,overcast clouds
188,Muisne,0.6,-80.0333,75.49,82,100,8.23,EC,2021-12-04 22:39:42,overcast clouds
189,Stornoway,58.2093,-6.3865,40.96,86,75,3.0,GB,2021-12-04 22:39:42,broken clouds
190,Waipawa,-41.4122,175.5153,68.63,55,90,12.41,NZ,2021-12-04 22:39:43,overcast clouds
191,Qaqortoq,60.7167,-46.0333,35.13,73,100,31.21,GL,2021-12-04 22:39:43,light rain
192,Iqaluit,63.7506,-68.5145,8.33,78,90,28.77,CA,2021-12-04 22:39:43,light snow
193,Nagato,34.3833,131.2,44.55,68,77,5.53,JP,2021-12-04 22:39:43,broken clouds
194,Hamilton,39.1834,-84.5333,49.44,50,1,4.61,US,2021-12-04 22:38:12,clear sky
195,Tiksi,71.6872,128.8694,-20.6,97,100,1.9,RU,2021-12-04 22:30:59,overcast clouds
196,Altoona,40.5187,-78.3947,46.65,51,14,1.99,US,2021-12-04 22:39:44,few clouds
197,Comodoro Rivadavia,-45.8667,-67.5,71.46,26,20,20.71,AR,2021-12-04 22:39:44,few clouds
198,Bethel,41.3712,-73.414,44.71,68,1,1.01,US,2021-12-04 22:31:33,clear sky
199,Dingzhou,38.5131,114.9956,26.71,51,2,3.06,CN,2021-12-04 22:39:44,clear sky
200,Carnarvon,-24.8667,113.6333,69.87,94,0,5.75,AU,2021-12-04 22:39:45,clear sky
201,Palmer,42.1584,-72.3287,37.62,72,20,8.05,US,2021-12-04 22:39:45,few clouds
202,Norman Wells,65.282,-126.8329,-34.56,61,20,4.61,CA,2021-12-04 22:39:45,few clouds
203,Bambous Virieux,-20.3428,57.7575,77.25,78,20,5.75,MU,2021-12-04 22:31:32,few clouds
204,Codrington,-38.2667,141.9667,58.62,49,9,8.75,AU,2021-12-04 22:31:39,clear sky
205,Sao Joao Da Barra,-21.6403,-41.0511,73.06,81,15,6.33,BR,2021-12-04 22:39:46,few clouds
206,Mardin,37.3131,40.7436,44.28,35,99,3.31,TR,2021-12-04 22:39:46,overcast clouds
207,Zandvoort,52.3749,4.5341,44.96,88,75,13.8,NL,2021-12-04 22:39:46,broken clouds
208,Qaanaaq,77.484,-69.3632,0.46,64,70,7.65,GL,2021-12-04 22:27:26,broken clouds
209,Tazovskiy,67.4667,78.7,-30.82,99,35,5.12,RU,2021-12-04 22:36:30,scattered clouds
210,Berlevag,70.8578,29.0864,17.64,86,32,24.7,NO,2021-12-04 22:39:47,scattered clouds
211,Thompson,55.7435,-97.8558,-7.44,84,75,4.61,CA,2021-12-04 22:37:40,broken clouds
212,Mar Del Plata,-38.0023,-57.5575,59.02,82,75,11.99,AR,2021-12-04 22:39:47,broken clouds
213,Tadine,-21.55,167.8833,79.66,77,88,15.84,NC,2021-12-04 22:39:47,overcast clouds
214,Magadi,12.9667,77.2333,70.14,90,93,2.8,IN,2021-12-04 22:39:48,overcast clouds
215,Jumla,29.2747,82.1838,42.13,67,1,4.05,NP,2021-12-04 22:34:01,clear sky
216,Scalea,39.813,15.7956,55.35,86,80,6.8,IT,2021-12-04 22:39:48,broken clouds
217,Hermanus,-34.4187,19.2345,64.9,93,100,17.45,ZA,2021-12-04 22:39:48,heavy intensity rain
218,Kloulklubed,7.0419,134.2556,79.3,74,92,3.11,PW,2021-12-04 22:39:49,overcast clouds
219,Visnes,59.3556,5.2242,37.22,60,20,12.66,NO,2021-12-04 22:34:00,few clouds
220,Ostrovnoy,68.0531,39.5131,3.94,96,81,7.61,RU,2021-12-04 22:39:49,broken clouds
221,Dengzhou,37.8086,120.7508,42.15,70,0,9.22,CN,2021-12-04 22:39:49,clear sky
222,Livani,56.3543,26.1758,23.97,98,98,2.86,LV,2021-12-04 22:39:50,overcast clouds
223,Sinnamary,5.3833,-52.95,77.56,90,87,9.6,GF,2021-12-04 22:39:50,overcast clouds
224,Geraldton,-28.7667,114.6,66.61,63,0,9.22,AU,2021-12-04 22:36:24,clear sky
225,Aberdeen,57.1437,-2.0981,43.21,77,75,19.57,GB,2021-12-04 22:39:50,broken clouds
226,Maltahohe,-24.8333,16.9833,52.41,58,0,7.92,NA,2021-12-04 22:39:51,clear sky
227,Pak Phanang,8.3511,100.202,75.07,76,97,11.63,TH,2021-12-04 22:39:51,overcast clouds
228,Audru,58.4086,24.3739,18.97,93,77,9.64,EE,2021-12-04 22:39:51,broken clouds
229,Cerrito,6.8432,-72.694,56.59,86,98,6.46,CO,2021-12-04 22:36:45,overcast clouds
230,Luang Prabang,19.8856,102.1347,49.93,78,92,2.06,LA,2021-12-04 22:40:52,overcast clouds
231,Lagoa,39.05,-27.9833,63.43,83,71,10.63,PT,2021-12-04 22:31:41,broken clouds
232,Kualakapuas,-3.0091,114.3876,73.15,97,100,2.84,ID,2021-12-04 22:40:52,overcast clouds
233,Nakhon Si Thammarat,8.25,100.0,75.06,86,100,6.76,TH,2021-12-04 22:40:52,overcast clouds
234,Machiques,10.0644,-72.545,80.58,71,96,5.26,VE,2021-12-04 22:40:52,overcast clouds
235,Pangnirtung,66.1451,-65.7125,19.4,86,90,0.0,CA,2021-12-04 22:40:53,light snow
236,Dalvik,65.9702,-18.5286,15.73,79,37,8.21,IS,2021-12-04 22:40:53,scattered clouds
237,Jijiga,9.35,42.8,56.79,34,0,8.05,ET,2021-12-04 22:40:53,clear sky
238,Bredy,52.4153,60.3411,28.13,87,88,14.76,RU,2021-12-04 22:40:54,overcast clouds
239,Jijiang,29.2906,106.2542,56.5,70,100,1.54,CN,2021-12-04 22:40:54,overcast clouds
240,Sabang,5.8933,95.3214,80.98,76,52,8.99,ID,2021-12-04 22:32:47,light rain
241,San Patricio,28.017,-97.5169,84.61,70,55,12.5,US,2021-12-04 22:40:54,broken clouds
242,Tuatapere,-46.1333,167.6833,55.81,96,100,11.21,NZ,2021-12-04 22:38:49,light rain
243,Moville,42.4889,-96.0725,38.84,29,83,8.81,US,2021-12-04 22:40:54,broken clouds
244,Carsamba,41.1989,36.7219,62.35,45,75,4.61,TR,2021-12-04 22:40:55,light rain
245,Guasdualito,7.2424,-70.7324,87.8,55,20,4.61,VE,2021-12-04 22:40:55,few clouds
246,Veraval,20.9,70.3667,74.17,70,4,5.14,IN,2021-12-04 22:40:55,clear sky
247,Soyo,-6.1349,12.3689,78.28,88,100,6.2,AO,2021-12-04 22:40:56,overcast clouds
248,Mchinji,-13.7984,32.8802,71.31,53,0,9.15,MW,2021-12-04 22:40:56,clear sky
249,Ubinskoye,55.3068,79.6802,28.06,95,99,12.66,RU,2021-12-04 22:40:56,overcast clouds
250,Ribeira Grande,38.5167,-28.7,64.31,75,89,11.97,PT,2021-12-04 22:40:57,overcast clouds
251,Nanortalik,60.1432,-45.2371,35.11,97,98,27.81,GL,2021-12-04 22:40:57,moderate rain
252,Okitipupa,6.5047,4.7839,77.22,91,69,1.39,NG,2021-12-04 22:40:57,broken clouds
253,Kruisfontein,-34.0033,24.7314,60.89,96,100,17.18,ZA,2021-12-04 22:34:02,light rain
254,Chor,25.5167,69.7667,65.7,30,0,7.09,PK,2021-12-04 22:40:58,clear sky
255,Narsaq,60.9167,-46.05,31.59,73,100,13.29,GL,2021-12-04 22:40:58,overcast clouds
256,Clyde River,70.4692,-68.5914,12.43,92,100,32.21,CA,2021-12-04 22:40:11,light snow
257,Hayden,47.766,-116.7866,39.49,88,90,3.44,US,2021-12-04 22:40:58,light rain
258,Cidreira,-30.1811,-50.2056,70.18,79,100,18.84,BR,2021-12-04 22:40:59,overcast clouds
259,Bahir Dar,11.5936,37.3908,61.03,50,4,3.02,ET,2021-12-04 22:40:59,clear sky
260,Copiapo,-27.3667,-70.3333,58.69,28,57,6.11,CL,2021-12-04 22:40:59,broken clouds
261,Dori,14.0354,-0.0345,76.87,13,3,8.23,BF,2021-12-04 22:40:59,clear sky
262,Nhulunbuy,-12.2333,136.7667,86.61,74,100,4.61,AU,2021-12-04 22:41:00,overcast clouds
263,Tubmanburg,6.8708,-10.8172,76.05,91,84,1.16,LR,2021-12-04 22:41:00,light rain
264,Avarua,-21.2078,-159.775,78.85,83,90,6.91,CK,2021-12-04 22:41:00,overcast clouds
265,Bambui,-20.0064,-45.9769,71.24,79,87,3.53,BR,2021-12-04 22:41:01,overcast clouds
266,Gornopravdinsk,60.05,69.9,26.19,98,100,4.34,RU,2021-12-04 22:41:01,snow
267,Svetlogorsk,52.6333,29.7333,29.62,88,100,8.28,BY,2021-12-04 22:41:01,overcast clouds
268,Salalah,17.0151,54.0924,73.49,46,0,2.3,OM,2021-12-04 22:32:53,clear sky
269,Shangzhi,45.2167,127.9667,7.32,89,7,3.78,CN,2021-12-04 22:32:50,clear sky
270,Prado,-17.3411,-39.2208,74.66,86,39,3.02,BR,2021-12-04 22:40:51,scattered clouds
271,Skibbereen,51.55,-9.2667,39.0,67,23,18.12,IE,2021-12-04 22:42:02,few clouds
272,Tasiilaq,65.6145,-37.6368,28.56,88,100,41.47,GL,2021-12-04 22:40:09,snow
273,Bengkulu,-3.8004,102.2655,75.27,89,100,8.12,ID,2021-12-04 22:37:36,heavy intensity rain
274,Santana,-0.0583,-51.1817,80.78,78,40,2.3,BR,2021-12-04 22:42:02,scattered clouds
275,Sao Raimundo Nonato,-9.0153,-42.6994,73.89,87,97,1.81,BR,2021-12-04 22:42:02,overcast clouds
276,Provideniya,64.3833,-173.3,22.15,93,97,5.88,RU,2021-12-04 22:32:53,light snow
277,Ola,59.5833,151.2833,-0.67,93,100,5.5,RU,2021-12-04 22:42:03,overcast clouds
278,Eyemouth,55.8713,-2.0901,42.84,76,100,35.25,GB,2021-12-04 22:42:03,moderate rain
279,Saint-Augustin,51.226,-58.6502,21.78,57,29,19.44,CA,2021-12-04 22:42:03,scattered clouds
280,Amga,60.8953,131.9608,-14.64,100,97,1.81,RU,2021-12-04 22:42:04,overcast clouds
281,Jesup,31.6074,-81.8854,68.95,77,1,0.0,US,2021-12-04 22:39:58,clear sky
282,Mayumba,-3.432,10.6554,77.47,91,100,5.77,GA,2021-12-04 22:42:04,overcast clouds
283,Kamenka,51.3223,42.7678,27.75,84,100,3.96,RU,2021-12-04 22:42:05,overcast clouds
284,Maceio,-9.6658,-35.7353,81.84,83,75,8.05,BR,2021-12-04 22:42:05,broken clouds
285,Milkovo,54.7167,158.6167,25.18,67,100,17.81,RU,2021-12-04 22:42:05,overcast clouds
286,Cap Malheureux,-19.9842,57.6142,77.49,71,63,1.99,MU,2021-12-04 22:42:05,broken clouds
287,Ararat,39.8317,44.7049,25.14,42,62,3.65,AM,2021-12-04 22:42:06,broken clouds
288,Bin Qirdan,33.1378,11.2197,51.66,49,0,11.59,TN,2021-12-04 22:42:06,clear sky
289,Praia Da Vitoria,38.7333,-27.0667,63.75,94,75,6.08,PT,2021-12-04 22:42:07,broken clouds
290,Kaitangata,-46.2817,169.8464,59.94,77,100,8.39,NZ,2021-12-04 22:41:25,overcast clouds
291,Airai,-8.9266,125.4092,62.53,91,100,0.47,TL,2021-12-04 22:32:46,overcast clouds
292,Sanmenxia,34.7747,111.1814,38.23,45,29,2.93,CN,2021-12-04 22:42:07,scattered clouds
293,Taunggyi,20.7833,97.0333,51.55,92,49,1.54,MM,2021-12-04 22:42:07,scattered clouds
294,Acapulco,16.8634,-99.8901,84.02,74,1,8.05,MX,2021-12-04 22:38:55,clear sky
295,Hofn,64.2539,-15.2082,31.06,59,0,9.37,IS,2021-12-04 22:42:08,clear sky
296,Ulladulla,-35.35,150.4667,59.9,74,100,6.24,AU,2021-12-04 22:42:08,overcast clouds
297,Pangody,65.85,74.4859,-29.9,100,75,3.06,RU,2021-12-04 22:42:08,broken clouds
298,San Felipe,10.3399,-68.7425,72.48,92,63,4.32,VE,2021-12-04 22:42:09,broken clouds
299,Rio Gallegos,-51.6226,-69.2181,66.25,27,75,29.93,AR,2021-12-04 22:42:09,broken clouds
300,Guerrero Negro,27.9769,-114.0611,66.51,69,100,18.03,MX,2021-12-04 22:42:09,overcast clouds
301,Chato,-2.6378,31.7669,69.15,82,89,2.82,TZ,2021-12-04 22:42:10,light rain
302,Ossora,59.2353,163.0719,27.14,97,100,6.08,RU,2021-12-04 22:42:10,light snow
303,Bundaberg,-24.85,152.35,83.21,65,40,3.0,AU,2021-12-04 22:42:10,scattered clouds
304,Kavieng,-2.5744,150.7967,83.08,79,100,9.55,PG,2021-12-04 22:42:10,moderate rain
305,Saint George,37.1041,-113.5841,72.07,24,1,1.99,US,2021-12-04 22:39:36,clear sky
306,Coro,11.4045,-69.6734,79.29,81,44,16.26,VE,2021-12-04 22:42:11,scattered clouds
307,Caravelas,-17.7125,-39.2481,74.89,85,13,4.52,BR,2021-12-04 22:42:11,few clouds
308,Urk,52.6625,5.6014,43.07,86,100,15.73,NL,2021-12-04 22:42:11,overcast clouds
309,Baiyin,36.5583,104.2081,31.5,34,0,3.51,CN,2021-12-04 22:42:12,clear sky
310,Alekseyevka,50.6309,38.6903,29.66,83,100,4.94,RU,2021-12-04 22:42:12,overcast clouds
311,Taga,46.95,24.05,28.72,86,83,2.28,RO,2021-12-04 22:42:12,broken clouds
312,Bokoro,12.3807,17.0568,78.12,18,51,13.56,TD,2021-12-04 22:41:19,broken clouds
313,Dingle,10.9995,122.6711,73.96,90,55,10.13,PH,2021-12-04 22:38:56,broken clouds
314,Komsomolskiy,40.4272,71.7189,38.62,75,100,4.61,UZ,2021-12-04 22:42:13,mist
315,Staryy Nadym,65.6118,72.6842,-28.88,100,75,4.34,RU,2021-12-04 22:42:13,broken clouds
316,Dos Hermanas,37.2829,-5.9209,57.24,85,20,1.01,ES,2021-12-04 22:43:13,few clouds
317,Coihaique,-45.5752,-72.0662,66.15,45,40,8.05,CL,2021-12-04 22:43:14,scattered clouds
318,Palana,59.1167,159.9667,18.55,94,100,16.37,RU,2021-12-04 22:43:14,snow
319,Galich,58.3797,42.3475,3.02,97,85,3.65,RU,2021-12-04 22:43:14,overcast clouds
320,Rosetta,31.4044,30.4164,58.82,53,73,12.68,EG,2021-12-04 22:43:14,broken clouds
321,Honningsvag,70.9821,25.9704,22.93,74,10,21.21,NO,2021-12-04 22:43:15,clear sky
322,Kargasok,59.0556,80.8572,19.92,94,100,8.75,RU,2021-12-04 22:43:15,overcast clouds
323,Verkhovazhye,60.7472,42.0465,3.72,93,100,7.76,RU,2021-12-04 22:43:15,overcast clouds
324,Beira,-19.8436,34.8389,77.74,84,0,9.06,MZ,2021-12-04 22:43:15,clear sky
325,Kuryk,43.2,51.65,44.15,63,6,17.85,KZ,2021-12-04 22:39:28,clear sky
326,Jalu,29.0331,21.5482,57.92,47,18,15.7,LY,2021-12-04 22:43:16,few clouds
327,Rantauprapat,2.1,99.8333,73.72,97,100,1.45,ID,2021-12-04 22:43:16,overcast clouds
328,Lomza,53.1781,22.0593,28.83,92,99,4.92,PL,2021-12-04 22:43:16,overcast clouds
329,Inhambane,-23.865,35.3833,77.07,90,0,11.92,MZ,2021-12-04 22:43:17,clear sky
330,Makakilo City,21.3469,-158.0858,73.29,75,75,17.27,US,2021-12-04 22:43:17,light rain
331,Mora,11.0461,14.1401,74.28,27,82,5.08,CM,2021-12-04 22:43:17,broken clouds
332,Mao,39.8885,4.2658,57.76,67,0,11.5,ES,2021-12-04 22:43:17,clear sky
333,Jieshi,22.8134,115.8257,57.94,66,6,11.45,CN,2021-12-04 22:43:18,clear sky
334,Alegrete,-29.7831,-55.7919,80.19,45,100,14.79,BR,2021-12-04 22:43:18,overcast clouds
335,Aswan,24.0934,32.907,69.1,40,0,6.91,EG,2021-12-04 22:43:18,clear sky
336,Opuwo,-18.0607,13.84,68.04,27,64,5.48,NA,2021-12-04 22:41:11,broken clouds
337,Plettenberg Bay,-34.0527,23.3716,62.55,95,100,19.04,ZA,2021-12-04 22:43:19,light rain
338,Soe,-9.8607,124.284,72.01,76,97,1.63,ID,2021-12-04 22:43:19,overcast clouds
339,Kopavogur,64.1123,-21.913,28.62,74,0,10.36,IS,2021-12-04 22:43:19,clear sky
340,Pacific Grove,36.6177,-121.9166,64.17,78,40,1.01,US,2021-12-04 22:43:19,scattered clouds
341,Cockburn Town,21.4612,-71.1419,79.92,75,35,21.5,TC,2021-12-04 22:43:20,scattered clouds
342,Belmonte,-15.8631,-38.8828,77.5,86,47,5.37,BR,2021-12-04 22:43:20,scattered clouds
343,Asfi,32.2994,-9.2372,57.24,77,4,17.81,MA,2021-12-04 22:43:20,clear sky
344,Tolaga Bay,-38.3667,178.3,72.66,62,93,17.25,NZ,2021-12-04 22:43:21,overcast clouds
345,Castro,-24.7911,-50.0119,65.89,68,37,9.13,BR,2021-12-04 22:43:21,scattered clouds
346,Meulaboh,4.1363,96.1285,75.78,87,75,3.65,ID,2021-12-04 22:43:21,broken clouds
347,Talnakh,69.4865,88.3972,-30.8,99,100,2.59,RU,2021-12-04 22:43:21,overcast clouds
348,Altay,47.8667,88.1167,21.4,52,5,7.99,CN,2021-12-04 22:43:22,clear sky
349,Ondangwa,-17.9167,15.95,77.61,27,68,10.69,NA,2021-12-04 22:43:22,light rain
350,Batticaloa,7.7102,81.6924,77.45,86,1,2.24,LK,2021-12-04 22:43:22,clear sky
351,Ahipara,-35.1667,173.1667,72.5,73,49,12.21,NZ,2021-12-04 22:42:22,scattered clouds
352,Eureka,40.8021,-124.1637,52.2,74,47,1.99,US,2021-12-04 22:43:23,scattered clouds
353,Vrangel,42.7297,133.0839,21.51,38,0,7.72,RU,2021-12-04 22:43:23,clear sky
354,Fort Nelson,58.8053,-122.7002,-15.21,76,75,3.44,CA,2021-12-04 22:43:09,light snow
355,Vineland,39.4862,-75.0257,47.79,66,1,0.0,US,2021-12-04 22:38:31,clear sky
356,Kerema,-7.9631,145.7785,82.49,75,97,3.2,PG,2021-12-04 22:43:23,overcast clouds
357,Strezhevoy,60.7333,77.5889,8.58,96,100,5.19,RU,2021-12-04 22:43:24,light snow
358,Aasiaat,68.7098,-52.8699,37.29,44,100,47.58,GL,2021-12-04 22:43:24,overcast clouds
359,Pokhara,28.2333,83.9833,57.47,56,6,3.51,NP,2021-12-04 22:43:10,clear sky
360,Gat,31.61,34.7642,66.4,41,100,5.28,IL,2021-12-04 22:43:24,overcast clouds
361,Krasnyy Chikoy,50.3643,108.7512,16.43,94,98,2.06,RU,2021-12-04 22:43:25,overcast clouds
362,Matagami,49.7502,-77.6328,3.31,85,90,2.3,CA,2021-12-04 22:44:25,overcast clouds
363,Bambanglipuro,-7.95,110.2833,63.61,89,100,5.46,ID,2021-12-04 22:44:25,overcast clouds
364,Margherita,27.2833,95.6833,61.99,92,72,1.92,IN,2021-12-04 22:44:25,broken clouds
365,Tezu,27.9167,96.1667,63.05,56,37,3.85,IN,2021-12-04 22:44:26,scattered clouds
366,Christchurch,-43.5333,172.6333,80.33,54,69,4.0,NZ,2021-12-04 22:44:26,broken clouds
367,Yinchuan,38.4681,106.2731,31.59,25,0,5.01,CN,2021-12-04 22:44:26,clear sky
368,Leninsk,48.7119,45.1994,37.26,86,100,5.1,RU,2021-12-04 22:44:27,overcast clouds
369,Kirakira,-10.4544,161.9205,84.7,72,63,2.42,SB,2021-12-04 22:44:27,broken clouds
370,Sorong,-0.8833,131.25,80.89,80,72,3.85,ID,2021-12-04 22:44:27,broken clouds
371,Vao,-22.6667,167.4833,76.33,84,83,18.05,NC,2021-12-04 22:44:28,light rain
372,Goderich,43.7501,-81.7165,36.91,55,100,17.27,CA,2021-12-04 22:43:06,overcast clouds
373,Souillac,-20.5167,57.5167,77.38,78,20,5.75,MU,2021-12-04 22:44:28,few clouds
374,Semily,50.6019,15.3355,34.61,94,100,7.0,CZ,2021-12-04 22:44:28,snow
375,Touros,-5.1989,-35.4608,81.5,80,68,14.88,BR,2021-12-04 22:44:29,broken clouds
376,Baft,29.234,56.6057,40.39,30,0,5.08,IR,2021-12-04 22:44:29,clear sky
377,Kidal,18.4411,1.4078,74.59,15,96,5.5,ML,2021-12-04 22:44:29,overcast clouds
378,Madimba,-10.4,40.3333,78.51,82,87,8.19,TZ,2021-12-04 22:44:29,overcast clouds
379,Turinskaya Sloboda,57.6232,64.3858,34.52,91,100,14.99,RU,2021-12-04 22:44:30,light rain
380,Zhigansk,66.7697,123.3711,-14.67,98,100,13.71,RU,2021-12-04 22:40:18,light snow
381,Akdepe,42.0551,59.3788,26.6,79,99,2.35,TM,2021-12-04 22:44:30,overcast clouds
382,Sola,-13.8833,167.55,80.38,76,100,16.11,VU,2021-12-04 22:41:29,overcast clouds
383,Arenapolis,-14.4503,-56.8461,80.24,81,94,0.72,BR,2021-12-04 22:44:30,light rain
384,Barreirinhas,-2.7469,-42.8264,77.43,88,78,5.82,BR,2021-12-04 22:44:31,broken clouds
385,Tessalit,20.1986,1.0114,65.8,17,65,9.46,ML,2021-12-04 22:44:31,broken clouds
386,Vallenar,-28.5708,-70.7581,79.39,25,3,5.91,CL,2021-12-04 22:44:31,clear sky
387,Biak,-0.9131,122.8766,78.08,82,95,1.95,ID,2021-12-04 22:44:32,overcast clouds
388,Sangmelima,2.9333,11.9833,72.7,86,96,2.17,CM,2021-12-04 22:44:32,overcast clouds
389,Te Anau,-45.4167,167.7167,58.14,91,96,4.68,NZ,2021-12-04 22:44:32,light rain
390,Casablanca,33.5928,-7.6192,57.33,82,7,4.0,MA,2021-12-04 22:43:56,clear sky
391,Jacareacanga,-6.2222,-57.7528,74.66,97,100,0.81,BR,2021-12-04 22:44:33,overcast clouds
392,Venado Tuerto,-33.7456,-61.9688,67.78,83,84,10.16,AR,2021-12-04 22:44:33,broken clouds
393,Princeton,25.5384,-80.4089,77.02,68,40,6.91,US,2021-12-04 22:41:37,scattered clouds
394,Coquimbo,-29.9533,-71.3436,62.33,72,40,11.5,CL,2021-12-04 22:44:33,scattered clouds
395,Oktyabrskiy,54.4815,53.471,31.82,93,100,8.08,RU,2021-12-04 22:44:34,light snow
396,Sinazongwe,-17.2614,27.4618,81.3,44,1,4.38,ZM,2021-12-04 22:44:34,clear sky
397,Adrar,20.5022,-10.0711,65.46,16,84,11.56,MR,2021-12-04 22:44:34,broken clouds
398,Buchanan,5.8808,-10.0467,78.76,84,62,5.75,LR,2021-12-04 22:44:34,broken clouds
399,Hithadhoo,-0.6,73.0833,81.59,75,87,11.95,MV,2021-12-04 22:44:35,overcast clouds
400,Samarai,-10.6167,150.6667,83.05,72,100,4.07,PG,2021-12-04 22:44:35,overcast clouds
401,Kavaratti,10.5669,72.642,80.51,79,29,7.29,IN,2021-12-04 22:43:01,scattered clouds
402,Christiana,-27.914,25.1611,61.75,88,89,11.97,ZA,2021-12-04 22:44:35,overcast clouds
403,Jimenez,28.3333,-105.4,77.22,22,43,4.76,MX,2021-12-04 22:44:36,scattered clouds
404,Warrington,53.3925,-2.5802,46.51,78,75,8.99,GB,2021-12-04 22:44:36,light intensity shower rain
405,Ranong,9.9658,98.6348,70.63,84,40,6.82,TH,2021-12-04 22:44:36,scattered clouds
406,Nome,64.5011,-165.4064,10.47,92,90,4.61,US,2021-12-04 22:44:36,mist
407,Champerico,14.3,-91.9167,93.74,68,0,7.11,GT,2021-12-04 22:44:37,clear sky
408,Port Blair,11.6667,92.75,78.89,79,36,8.88,IN,2021-12-04 22:44:37,scattered clouds
409,Maridi,4.9158,29.4742,73.49,55,77,3.4,SS,2021-12-04 22:45:37,broken clouds
410,Gannan,47.9147,123.5031,8.1,98,79,0.43,CN,2021-12-04 22:45:39,broken clouds
411,Tabas,33.5959,56.9244,46.8,46,38,1.3,IR,2021-12-04 22:45:39,scattered clouds
412,Gobabis,-22.45,18.9667,67.26,14,43,7.07,NA,2021-12-04 22:45:39,scattered clouds
413,Itarema,-2.9248,-39.9167,80.78,78,36,13.71,BR,2021-12-04 22:45:39,scattered clouds
414,Portland,45.5234,-122.6762,52.45,92,90,4.0,US,2021-12-04 22:43:29,light rain
415,Naze,28.3667,129.4833,58.12,60,97,10.18,JP,2021-12-04 22:42:28,overcast clouds
416,Ilhabela,-23.7781,-45.3581,71.65,86,85,7.36,BR,2021-12-04 22:41:12,overcast clouds
417,Leona Vicario,20.9667,-87.1917,80.82,83,4,3.36,MX,2021-12-04 22:45:18,clear sky
418,Pontevedra,42.431,-8.6444,56.75,85,81,4.88,ES,2021-12-04 22:45:41,broken clouds
419,Tuy Hoa,13.0833,109.3,69.17,80,100,10.47,VN,2021-12-04 22:45:41,overcast clouds
420,Bako,5.7833,36.5667,67.37,57,80,3.65,ET,2021-12-04 22:45:42,broken clouds
421,Bereda,43.2686,-7.5406,47.95,100,81,4.68,ES,2021-12-04 22:45:42,broken clouds
422,Vila,42.0304,-8.1588,45.93,85,56,4.92,PT,2021-12-04 22:45:43,broken clouds
423,Sorland,67.667,12.6934,28.67,62,10,15.05,NO,2021-12-04 22:45:43,clear sky
424,Havoysund,70.9963,24.6622,14.88,92,98,13.02,NO,2021-12-04 22:45:43,overcast clouds
425,Chara,56.9064,118.2631,12.81,83,90,2.24,RU,2021-12-04 22:45:44,overcast clouds
426,Bathsheba,13.2167,-59.5167,81.21,74,75,18.41,BB,2021-12-04 22:45:44,broken clouds
427,Bell Ville,-32.6259,-62.6887,71.8,44,68,6.04,AR,2021-12-04 22:45:44,broken clouds
428,Bilma,18.6853,12.9164,64.02,24,2,12.93,NE,2021-12-04 22:45:45,clear sky
429,Rocha,-34.4833,-54.3333,61.11,90,70,5.61,UY,2021-12-04 22:45:45,broken clouds
430,Warwick,41.7001,-71.4162,42.89,69,90,4.61,US,2021-12-04 22:43:01,overcast clouds
431,Muros,42.7762,-9.0603,56.84,95,94,13.82,ES,2021-12-04 22:43:53,overcast clouds
432,Killeen,31.1171,-97.7278,76.44,71,20,10.36,US,2021-12-04 22:41:00,few clouds
433,Japura,-0.3167,102.35,73.04,98,100,1.01,ID,2021-12-04 22:45:45,light rain
434,Kaohsiung,22.6163,120.3133,64.04,78,40,3.44,TW,2021-12-04 22:40:48,scattered clouds
435,Deputatskiy,69.3,139.9,-37.34,95,64,1.97,RU,2021-12-04 22:45:46,broken clouds
436,Kathmandu,27.7167,85.3167,53.82,94,75,0.0,NP,2021-12-04 22:43:12,broken clouds
437,Miri,4.4148,114.0089,77.14,94,40,4.61,MY,2021-12-04 22:45:47,scattered clouds
438,Iranshahr,27.2025,60.6848,57.87,45,0,1.03,IR,2021-12-04 22:45:47,clear sky
439,Grand-Santi,4.25,-54.3833,73.45,98,89,2.3,GF,2021-12-04 22:45:48,overcast clouds
440,Songjianghe,42.1859,127.479,12.4,78,11,5.46,CN,2021-12-04 22:45:48,few clouds
441,Kushiro,42.975,144.3747,25.75,63,20,4.61,JP,2021-12-04 22:45:48,few clouds
442,Grand Gaube,-20.0064,57.6608,77.4,71,64,3.0,MU,2021-12-04 22:45:49,broken clouds
443,Andros Town,24.7,-77.7667,75.16,71,88,12.33,BS,2021-12-04 22:45:49,overcast clouds
444,Dabakala,8.3667,-4.4333,80.6,46,26,2.86,CI,2021-12-04 22:45:49,scattered clouds
445,Ponta Delgada,37.7333,-25.6667,63.5,77,75,3.44,PT,2021-12-04 22:45:50,broken clouds
446,North Bend,43.4065,-124.2243,54.25,88,90,11.5,US,2021-12-04 22:45:50,overcast clouds
447,Wasilla,61.5814,-149.4394,12.94,74,1,1.01,US,2021-12-04 22:45:50,clear sky
448,Chuy,-33.6971,-53.4616,64.04,91,100,7.52,UY,2021-12-04 22:45:50,overcast clouds
449,Corsicana,32.0954,-96.4689,76.24,76,90,1.99,US,2021-12-04 22:45:51,overcast clouds
450,Mantua,45.1667,10.7833,43.29,86,100,1.01,IT,2021-12-04 22:45:51,overcast clouds
451,Port-Gentil,-0.7193,8.7815,78.76,94,40,10.36,GA,2021-12-04 22:45:51,thunderstorm with light rain
452,Maragogi,-9.0122,-35.2225,78.31,84,47,9.98,BR,2021-12-04 22:45:52,scattered clouds
453,Caborca,30.5838,-111.101,72.81,19,100,2.57,MX,2021-12-04 22:46:52,overcast clouds
454,Tazmalt,36.3868,4.3989,48.67,68,0,5.1,DZ,2021-12-04 22:46:52,clear sky
455,Tari,12.4086,4.4914,74.64,17,6,9.73,NG,2021-12-04 22:46:53,clear sky
456,Quesnel,52.9999,-122.5029,25.3,80,90,4.61,CA,2021-12-04 22:42:12,light snow
457,Tura,25.5198,90.2201,65.8,73,100,2.01,IN,2021-12-04 22:43:34,overcast clouds
458,Ozark,37.0209,-93.206,60.3,51,29,1.01,US,2021-12-04 22:46:53,scattered clouds
459,Nasice,45.4886,18.0878,33.75,86,100,5.91,HR,2021-12-04 22:46:53,overcast clouds
460,Sabzevar,36.2126,57.6819,39.34,77,0,1.34,IR,2021-12-04 22:46:53,clear sky
461,Kokhma,56.9349,41.0915,16.39,95,100,4.36,RU,2021-12-04 22:46:54,overcast clouds
462,Tambura,5.6,27.4667,76.82,43,83,2.24,SS,2021-12-04 22:46:54,broken clouds
463,Belaya Gora,68.5333,146.4167,-43.17,100,84,1.79,RU,2021-12-04 22:46:54,broken clouds
464,Sistranda,63.7256,8.834,30.16,63,98,11.81,NO,2021-12-04 22:46:55,overcast clouds
465,Nawa,27.0167,75.0,61.41,67,0,3.76,IN,2021-12-04 22:46:55,clear sky
466,Pedra Branca,-5.4542,-39.7172,81.45,53,89,8.5,BR,2021-12-04 22:46:55,overcast clouds
467,Hirara,24.8,125.2833,66.47,63,20,10.36,JP,2021-12-04 22:46:56,few clouds
468,Rincon,32.296,-81.2354,69.76,60,75,5.75,US,2021-12-04 22:46:56,broken clouds
469,Kibuye,-2.0597,29.3482,65.53,81,100,2.75,RW,2021-12-04 22:46:56,light rain
470,Lata,40.1629,-8.3327,50.81,97,18,3.78,PT,2021-12-04 22:46:56,few clouds
471,Elat,29.5581,34.9482,64.24,55,0,0.0,IL,2021-12-04 22:46:57,clear sky
472,Yuzhno-Kurilsk,44.0306,145.8556,32.41,81,55,26.06,RU,2021-12-04 22:46:57,light snow
473,Monte Azul,-15.155,-42.8747,68.86,94,17,4.25,BR,2021-12-04 22:46:58,light rain
474,Zwedru,6.0667,-8.1281,75.51,87,42,2.66,LR,2021-12-04 22:46:58,light rain
475,Loviisa,60.4566,26.2251,9.28,82,77,10.96,FI,2021-12-04 22:46:58,broken clouds
476,Nampula,-15.1165,39.2666,75.15,78,0,11.5,MZ,2021-12-04 22:43:17,clear sky
477,Santa Isabel Do Rio Negro,-0.4139,-65.0192,75.15,97,99,1.57,BR,2021-12-04 22:46:59,overcast clouds
478,Okhotsk,59.3833,143.3,-22.45,90,74,10.83,RU,2021-12-04 22:46:59,broken clouds
479,Te Horo,-40.8084,175.1233,73.85,79,97,7.47,NZ,2021-12-04 22:46:59,overcast clouds
480,Srandakan,-7.9386,110.2506,63.73,88,100,5.55,ID,2021-12-04 22:47:00,overcast clouds
481,Rapina,58.0981,27.4636,14.29,96,79,5.3,EE,2021-12-04 22:47:00,broken clouds
482,Turukhansk,65.8167,87.9833,-29.94,100,100,3.06,RU,2021-12-04 22:47:01,overcast clouds
483,Malanje,-9.5402,16.341,65.75,97,100,1.5,AO,2021-12-04 22:47:01,light rain
484,Anupgarh,29.1911,73.2086,62.89,25,1,5.44,IN,2021-12-04 22:47:01,clear sky
485,Krasnoselkup,65.7,82.4667,-30.44,100,65,5.53,RU,2021-12-04 22:47:01,broken clouds
486,Goulburn,-34.75,149.7167,58.15,88,100,12.35,AU,2021-12-04 22:46:07,overcast clouds
487,Waingapu,-9.6567,120.2641,82.33,73,100,5.19,ID,2021-12-04 22:47:02,overcast clouds
488,Praya,14.9215,-23.5087,73.94,78,75,20.71,CV,2021-12-04 22:43:21,broken clouds
489,Porto Nacional,-10.7081,-48.4172,78.8,93,99,3.04,BR,2021-12-04 22:47:02,overcast clouds
490,Bhanpuri,21.1,80.9167,60.58,89,80,7.05,IN,2021-12-04 22:47:03,broken clouds
491,Oriximina,-1.7656,-55.8661,76.71,91,70,4.63,BR,2021-12-04 22:47:03,broken clouds
492,Atar,20.5169,-13.0499,72.77,15,60,9.31,MR,2021-12-04 22:47:03,broken clouds
493,Gigmoto,13.7796,124.39,76.73,76,97,16.6,PH,2021-12-04 22:47:04,overcast clouds
494,Maniitsoq,65.4167,-52.9,39.58,47,98,30.53,GL,2021-12-04 22:47:04,overcast clouds
495,Namatanai,-3.6667,152.4333,85.23,69,82,5.73,PG,2021-12-04 22:47:05,broken clouds
496,San Fernando,15.0286,120.6898,75.29,82,12,4.16,PH,2021-12-04 22:47:05,few clouds
497,Madison,34.7334,-86.5667,63.34,91,90,0.0,US,2021-12-04 22:47:05,mist
498,Alofi,-19.0595,-169.9187,82.29,78,53,6.91,NU,2021-12-04 22:43:54,light rain
499,Gidam,18.9833,81.4,61.86,98,98,2.75,IN,2021-12-04 22:47:05,overcast clouds
500,Volkhov,59.9258,32.3382,8.13,93,100,6.02,RU,2021-12-04 22:47:06,overcast clouds
501,Port Hawkesbury,45.6169,-61.3485,27.59,68,1,6.91,CA,2021-12-04 22:48:06,clear sky
502,Upata,8.0086,-62.3989,80.19,75,81,4.45,VE,2021-12-04 22:48:06,broken clouds
503,Mana,5.6592,-53.7767,78.17,88,100,9.51,GF,2021-12-04 22:48:07,overcast clouds
504,Helong,42.5397,128.9972,15.87,79,8,5.77,CN,2021-12-04 22:48:07,clear sky
505,Xining,36.6167,101.7667,25.43,29,0,2.57,CN,2021-12-04 22:48:07,clear sky
506,Bouloupari,-21.8667,166.05,84.94,62,51,2.19,NC,2021-12-04 22:48:07,broken clouds
507,Lobito,-12.3481,13.5456,76.57,84,100,2.35,AO,2021-12-04 22:48:08,overcast clouds
508,Inirida,3.8653,-67.9239,74.57,97,100,1.48,CO,2021-12-04 22:48:08,overcast clouds
509,Mackay,-21.15,149.2,83.68,74,40,11.5,AU,2021-12-04 22:48:08,scattered clouds
510,Doha,25.2867,51.5333,66.18,68,0,8.05,QA,2021-12-04 22:45:21,clear sky
511,Tacoronte,28.4769,-16.4102,60.26,76,40,15.01,ES,2021-12-04 22:48:09,scattered clouds
512,Jamame,0.0722,42.7506,77.52,81,17,8.57,SO,2021-12-04 22:48:09,few clouds
513,Mweka,-4.85,21.5667,68.27,100,100,1.9,CD,2021-12-04 22:48:09,moderate rain
514,Viljoenskroon,-27.2084,26.9485,59.34,92,100,12.5,ZA,2021-12-04 22:48:10,moderate rain
515,Parkes,-33.1333,148.1833,65.62,48,0,12.28,AU,2021-12-04 22:48:10,clear sky
516,Namibe,-15.1961,12.1522,70.07,71,40,4.43,AO,2021-12-04 22:48:10,scattered clouds
517,Ciudad Bolivar,8.1222,-63.5497,85.35,52,92,8.66,VE,2021-12-04 22:48:10,overcast clouds
518,Tselinnoye,53.0833,85.6667,15.42,99,95,4.41,RU,2021-12-04 22:48:11,overcast clouds
519,La Ronge,55.1001,-105.2842,-0.15,71,90,5.75,CA,2021-12-04 22:48:11,overcast clouds
520,Cestas,44.7435,-0.6791,49.66,85,75,1.99,FR,2021-12-04 22:48:11,broken clouds
521,Talara,-4.5772,-81.2719,72.36,78,0,16.11,PE,2021-12-04 22:48:11,clear sky
522,La Paz,-16.5,-68.15,55.38,71,75,5.75,BO,2021-12-04 22:44:41,broken clouds
523,Vestmannaeyjar,63.4427,-20.2734,36.12,61,43,8.39,IS,2021-12-04 22:48:12,scattered clouds
524,Broome,42.2506,-75.833,40.01,65,81,1.01,US,2021-12-04 22:44:44,broken clouds
525,Gambela,8.25,34.5833,80.44,41,52,3.27,ET,2021-12-04 22:48:12,broken clouds
526,Moussoro,13.6408,16.4901,76.68,15,10,11.01,TD,2021-12-04 22:48:13,clear sky
527,Changuinola,9.4333,-82.5167,77.72,84,50,3.65,PA,2021-12-04 22:48:13,scattered clouds
528,Aksu,41.1231,80.2644,26.8,45,100,0.45,CN,2021-12-04 22:48:13,overcast clouds
529,Saint-Pierre,-21.3393,55.4781,76.64,76,0,3.44,RE,2021-12-04 22:48:14,clear sky
530,Pocos De Caldas,-21.7878,-46.5614,62.67,87,38,2.48,BR,2021-12-04 22:44:51,scattered clouds
531,San Vicente,-26.6167,-54.1333,75.96,46,70,1.5,AR,2021-12-04 22:48:14,broken clouds
532,Belomorsk,64.5232,34.7668,14.2,72,36,11.34,RU,2021-12-04 22:48:14,scattered clouds
533,Gamba,-2.65,10.0,77.63,90,97,5.3,GA,2021-12-04 22:48:15,overcast clouds
534,Paramonga,-10.6667,-77.8333,68.25,82,98,9.48,PE,2021-12-04 22:48:15,overcast clouds
535,Luganville,-15.5333,167.1667,82.0,71,98,8.05,VU,2021-12-04 22:48:15,overcast clouds
536,Pemba,-12.974,40.5178,80.08,73,22,8.7,MZ,2021-12-04 22:48:16,few clouds
537,Encheng,22.1839,112.3026,53.78,37,55,4.23,CN,2021-12-04 22:48:16,broken clouds
538,Kieta,-6.2167,155.6333,85.91,67,100,1.54,PG,2021-12-04 22:48:16,overcast clouds
539,Bonavista,48.6499,-53.1147,29.12,50,77,27.89,CA,2021-12-04 22:47:14,broken clouds
540,San Miguel De Cauri,-10.1,-76.5833,49.96,82,100,5.46,PE,2021-12-04 22:48:16,overcast clouds
541,Brokopondo,4.75,-55.1667,77.7,86,85,6.98,SR,2021-12-04 22:48:17,overcast clouds
542,Mnogovershinnyy,53.9353,139.9242,-5.21,88,90,7.0,RU,2021-12-04 22:48:17,overcast clouds
543,Ngunguru,-35.6167,174.5,74.16,89,92,11.3,NZ,2021-12-04 22:48:17,overcast clouds
544,Balkhash,46.844,74.9804,29.93,53,98,12.15,KZ,2021-12-04 22:48:18,overcast clouds
545,Sampit,-2.5333,112.95,73.35,98,100,2.21,ID,2021-12-04 22:48:18,overcast clouds
546,Vostok,46.4856,135.8833,-4.65,91,71,5.12,RU,2021-12-04 22:48:18,broken clouds
547,Sesvete,45.8311,16.1164,39.79,81,0,3.44,HR,2021-12-04 22:48:19,clear sky
548,Cururupu,-1.8283,-44.8683,75.78,94,63,2.82,BR,2021-12-04 22:45:36,broken clouds
549,Yaan,7.3833,8.5667,81.14,29,75,2.59,NG,2021-12-04 22:48:19,broken clouds
550,Troitsko-Pechorsk,62.7084,56.1964,3.15,93,100,12.08,RU,2021-12-04 22:49:19,light snow
551,Sayat,38.7839,63.8803,39.07,41,100,3.76,TM,2021-12-04 22:49:20,overcast clouds
552,Puri,19.8,85.85,68.52,95,100,23.38,IN,2021-12-04 22:49:20,heavy intensity rain
553,Tenosique,17.4833,-91.4333,79.68,77,2,3.24,MX,2021-12-04 22:49:20,clear sky
554,Humaita,-7.5061,-63.0208,75.49,96,81,0.89,BR,2021-12-04 22:49:20,broken clouds
555,Taoudenni,22.6783,-3.9836,59.27,20,1,12.62,ML,2021-12-04 22:49:21,clear sky
556,Ewa Beach,21.3156,-158.0072,74.7,74,75,17.27,US,2021-12-04 22:49:21,light rain
557,Saint-Joseph,-21.3667,55.6167,75.56,83,21,8.1,RE,2021-12-04 22:45:07,few clouds
558,Irsha,55.9269,94.7911,19.8,84,100,14.74,RU,2021-12-04 22:49:21,overcast clouds
559,Dzhebariki-Khaya,62.2167,135.8,-14.51,95,100,0.65,RU,2021-12-04 22:49:22,overcast clouds
560,Nara,34.6851,135.8049,43.84,64,32,2.24,JP,2021-12-04 22:49:22,scattered clouds
561,Alta Floresta,-9.8756,-56.0861,74.28,95,100,1.54,BR,2021-12-04 22:48:31,overcast clouds
562,Mokrousovo,55.8103,66.7653,31.68,88,50,18.01,RU,2021-12-04 22:49:22,scattered clouds
563,Haines Junction,60.7522,-137.5108,-29.25,75,41,0.0,CA,2021-12-04 22:49:23,scattered clouds
564,Baykit,61.67,96.37,-8.48,94,90,3.53,RU,2021-12-04 22:49:23,overcast clouds
565,Tahe,52.3333,124.7333,0.48,98,92,1.74,CN,2021-12-04 22:49:23,overcast clouds
566,Beloha,-25.1667,45.05,73.67,77,0,4.43,MG,2021-12-04 22:49:23,clear sky
567,Omboue,-1.5746,9.2618,78.26,89,100,7.11,GA,2021-12-04 22:49:24,overcast clouds
568,Teya,60.3778,92.6267,7.79,88,100,8.1,RU,2021-12-04 22:49:24,overcast clouds
569,Abbeville,50.1,1.8333,40.5,78,16,10.22,FR,2021-12-04 22:49:24,few clouds
570,Kincardine,56.0667,-3.7167,43.52,75,99,13.58,GB,2021-12-04 22:49:25,overcast clouds
571,Flin Flon,54.7682,-101.865,3.04,66,40,3.44,CA,2021-12-04 22:49:25,scattered clouds
572,Saint Anthony,45.0205,-93.218,33.64,56,90,1.99,US,2021-12-04 22:49:25,overcast clouds
573,Ambunti,-4.2365,142.8448,76.37,95,100,2.77,PG,2021-12-04 22:49:26,overcast clouds
574,Tabriz,38.08,46.2919,27.86,86,6,4.61,IR,2021-12-04 22:47:51,clear sky
575,Vaitape,-16.5167,-151.75,81.23,68,50,13.31,PF,2021-12-04 22:49:26,scattered clouds
576,Brigantine,39.4101,-74.3646,47.32,80,1,0.0,US,2021-12-04 22:48:40,clear sky
577,Buraydah,26.326,43.975,57.65,41,1,8.48,SA,2021-12-04 22:49:26,clear sky
578,Kano,12.0001,8.5167,67.89,49,28,0.0,NG,2021-12-04 22:49:27,scattered clouds
579,Moose Factory,51.2585,-80.6094,6.8,72,75,5.75,CA,2021-12-04 22:49:27,broken clouds
580,Thunder Bay,48.4001,-89.3168,19.38,63,75,8.05,CA,2021-12-04 22:49:27,broken clouds
581,Livramento,-3.0254,-60.1803,79.48,94,75,2.3,BR,2021-12-04 22:48:29,moderate rain
582,Lethem,3.3803,-59.7968,81.7,63,52,9.4,GY,2021-12-04 22:49:28,broken clouds
583,Vilyuysk,63.7553,121.6247,-3.71,98,100,2.55,RU,2021-12-04 22:49:28,overcast clouds
584,Mbandaka,0.0487,18.2603,72.19,97,100,2.75,CD,2021-12-04 22:49:28,overcast clouds
585,Sao Goncalo Do Sapucai,-21.8922,-45.5953,67.68,79,15,2.82,BR,2021-12-04 22:49:28,few clouds
586,Arawa,-6.2132,155.5367,87.93,64,100,0.98,PG,2021-12-04 22:49:29,overcast clouds
587,Salekhard,66.53,66.6019,-32.78,99,5,2.86,RU,2021-12-04 22:49:29,clear sky
588,Stantsionno-Oyashinskiy,55.4664,83.8245,26.62,94,99,10.98,RU,2021-12-04 22:49:29,overcast clouds
589,Uzhur,55.3036,89.8339,13.08,91,42,4.65,RU,2021-12-04 22:49:29,scattered clouds
590,Kutum,14.2,24.6667,67.44,26,0,8.34,SD,2021-12-04 22:49:30,clear sky
591,Tilichiki,60.4667,166.1,9.82,94,100,10.85,RU,2021-12-04 22:49:12,overcast clouds
592,Dolinsk,47.35,142.8,10.26,87,39,7.4,RU,2021-12-04 22:49:30,scattered clouds
593,Alcaniz,41.05,-0.1333,50.74,68,88,20.47,ES,2021-12-04 22:49:30,overcast clouds
594,Kamuli,0.9472,33.1197,65.01,95,84,1.59,UG,2021-12-04 22:49:31,broken clouds
595,Kindu,-2.95,25.95,69.67,100,100,1.07,CD,2021-12-04 22:49:31,moderate rain
596,Hinton,53.4001,-117.5857,16.11,81,100,1.77,CA,2021-12-04 22:49:31,overcast clouds
597,Lodwar,3.1191,35.5973,80.73,55,19,16.02,KE,2021-12-04 22:46:10,few clouds
598,Almeirim,-1.5233,-52.5817,77.52,81,100,2.66,BR,2021-12-04 22:46:35,overcast clouds
599,Fulda,50.5516,9.6752,40.1,88,100,3.0,DE,2021-12-04 22:50:32,overcast clouds
600,Orapa,-21.2833,25.3667,76.08,61,99,10.4,BW,2021-12-04 22:50:32,overcast clouds
601,Makat,47.6469,53.3463,32.32,71,36,10.36,KZ,2021-12-04 22:50:32,scattered clouds
602,Sherbrooke,45.4001,-71.8991,26.67,77,1,1.14,CA,2021-12-04 22:50:30,snow
603,Boden,65.8252,21.6886,6.8,98,75,4.25,SE,2021-12-04 22:50:33,broken clouds
604,Rawson,-43.3002,-65.1023,73.72,36,0,27.11,AR,2021-12-04 22:48:49,clear sky
605,Winston,28.0317,-82.0148,73.4,69,1,0.0,US,2021-12-04 22:48:04,clear sky
606,Sept-Iles,50.2001,-66.3821,20.05,66,1,5.99,CA,2021-12-04 22:50:33,clear sky
607,Jardim,-21.4803,-56.1381,83.57,48,99,4.03,BR,2021-12-04 22:50:33,overcast clouds
608,Ishim,56.1128,69.4902,32.16,89,79,16.87,RU,2021-12-04 22:50:34,broken clouds
609,Pennsauken,39.9562,-75.058,46.45,65,1,0.0,US,2021-12-04 22:50:34,clear sky
610,King City,36.2127,-121.126,60.82,40,0,7.05,US,2021-12-04 22:50:34,clear sky
611,Gavle,60.6745,17.1417,25.5,88,100,3.0,SE,2021-12-04 22:50:35,overcast clouds
612,Dryden,49.7833,-92.7503,8.89,72,1,6.91,CA,2021-12-04 22:50:35,clear sky
613,Emerald,-23.5333,148.1667,88.99,50,40,8.05,AU,2021-12-04 22:50:35,scattered clouds
614,Qasigiannguit,68.8193,-51.1922,37.99,41,100,40.42,GL,2021-12-04 22:50:35,overcast clouds
615,Carutapera,-1.195,-46.02,78.19,85,93,6.35,BR,2021-12-04 22:50:36,overcast clouds
616,Walvis Bay,-22.9575,14.5053,62.1,72,0,8.05,NA,2021-12-04 22:47:28,clear sky
617,Natal,-5.795,-35.2094,82.62,78,40,12.66,BR,2021-12-04 22:50:36,scattered clouds
618,Umea,63.8284,20.2597,12.13,92,40,5.75,SE,2021-12-04 22:50:36,light snow
619,Gua Musang,4.8823,101.9644,71.08,98,98,1.72,MY,2021-12-04 22:50:37,overcast clouds
620,Changji,44.0167,87.3167,18.39,86,99,2.24,CN,2021-12-04 22:50:37,mist
621,Ayrum,41.1898,44.9014,29.95,44,41,5.82,AM,2021-12-04 22:50:37,scattered clouds
622,Tyssedal,60.1165,6.562,35.1,84,99,10.4,NO,2021-12-04 22:50:38,overcast clouds
623,Ouargaye,11.5033,0.0572,79.72,15,1,8.14,BF,2021-12-04 22:50:38,clear sky
624,Villanueva De La Serena,38.9766,-5.7974,49.82,93,79,9.19,ES,2021-12-04 22:50:38,broken clouds
625,Olinda,-8.0089,-34.8553,82.13,78,75,8.05,BR,2021-12-04 22:50:38,broken clouds
626,Port Shepstone,-30.7414,30.455,70.23,90,99,7.67,ZA,2021-12-04 22:50:39,light rain
627,Santa Rosa,14.3122,121.1114,73.38,75,64,15.75,PH,2021-12-04 22:50:39,broken clouds
628,Linares,-35.85,-71.6,84.63,14,0,3.8,CL,2021-12-04 22:50:39,clear sky
629,Mawlaik,23.6333,94.4167,70.23,82,99,1.41,MM,2021-12-04 22:50:39,overcast clouds
630,Port Augusta,-32.5,137.7667,70.7,38,100,8.88,AU,2021-12-04 22:50:40,overcast clouds
631,Hami,42.8,93.45,26.49,54,87,4.81,CN,2021-12-04 22:50:40,overcast clouds
632,Mizdah,31.4451,12.9801,43.63,77,0,6.31,LY,2021-12-04 22:50:40,clear sky
633,Kaka,37.3482,59.6143,40.78,86,2,5.84,TM,2021-12-04 22:50:40,clear sky
634,Millville,39.4021,-75.0393,47.03,66,1,0.0,US,2021-12-04 22:50:41,clear sky
635,Guamuchil,25.4667,-108.1,87.75,15,100,7.4,MX,2021-12-04 22:50:41,overcast clouds
636,Griffith,41.5284,-87.4237,41.11,29,1,0.0,US,2021-12-04 22:50:17,clear sky
637,Svetlaya,46.5389,138.3297,9.48,70,3,8.59,RU,2021-12-04 22:50:41,clear sky
638,Atbasar,51.8,68.3333,22.44,91,99,6.73,KZ,2021-12-04 22:50:42,overcast clouds
639,Van Buren,35.4368,-94.3483,64.44,63,90,1.01,US,2021-12-04 22:50:42,overcast clouds
640,Mogilno,52.6581,17.9558,32.22,92,100,1.01,PL,2021-12-04 22:50:42,overcast clouds
641,Hovd,48.0056,91.6419,19.2,54,1,3.24,MN,2021-12-04 22:50:43,clear sky
642,Kungurtug,50.5994,97.5228,3.74,95,78,1.83,RU,2021-12-04 22:50:43,broken clouds
643,Guane,22.2025,-84.0875,72.86,75,12,2.95,CU,2021-12-04 22:50:43,few clouds
644,Glamoc,44.0458,16.8486,30.9,98,100,10.89,BA,2021-12-04 22:47:03,light snow
645,Teteven,42.9167,24.2667,42.62,94,42,2.89,BG,2021-12-04 22:50:44,scattered clouds
646,Bonthe,7.5264,-12.505,80.37,81,84,6.64,SL,2021-12-04 22:51:44,broken clouds
647,Avera,33.194,-82.5271,70.48,64,99,5.73,US,2021-12-04 22:51:44,overcast clouds
648,Husavik,66.0449,-17.3389,15.71,81,23,14.16,IS,2021-12-04 22:51:44,few clouds
649,Camacha,33.0833,-16.3333,63.36,59,75,16.11,PT,2021-12-04 22:51:45,broken clouds
650,Port Pirie,-33.1833,138.0167,64.49,40,100,6.04,AU,2021-12-04 22:51:45,overcast clouds
651,Petropavlovsk-Kamchatskiy,53.0452,158.6483,28.99,43,20,20.13,RU,2021-12-04 22:51:45,few clouds
652,Tongliao,43.6125,122.2653,23.92,84,6,12.26,CN,2021-12-04 22:51:46,clear sky
653,Sabinas,27.85,-101.1167,80.1,47,98,8.63,MX,2021-12-04 22:51:46,overcast clouds
654,Umm Kaddadah,13.6017,26.6876,72.57,24,0,11.97,SD,2021-12-04 22:51:46,clear sky
655,Yerbogachen,61.2767,108.0108,11.68,78,100,14.79,RU,2021-12-04 22:51:46,overcast clouds
656,Tiarei,-17.5333,-149.3333,82.42,71,53,12.48,PF,2021-12-04 22:51:47,broken clouds
657,Biltine,14.5333,20.9167,74.77,18,0,9.69,TD,2021-12-04 22:51:47,clear sky
658,Kalas,18.1667,74.8,70.34,71,27,3.8,IN,2021-12-04 22:51:47,scattered clouds
659,Sarkand,45.41,79.9186,39.81,68,97,4.23,KZ,2021-12-04 22:51:48,overcast clouds
660,Smyrna,33.884,-84.5144,66.16,77,75,4.61,US,2021-12-04 22:51:48,broken clouds
661,Gelemso,8.8167,40.5167,56.95,48,0,2.26,ET,2021-12-04 22:51:48,clear sky
662,Capitan Meza,-27.0167,-55.5667,86.92,50,85,3.36,PY,2021-12-04 22:51:48,overcast clouds
663,Mountain Home,43.133,-115.6912,52.11,66,1,5.75,US,2021-12-04 22:51:49,clear sky
664,Ayorou,14.7308,0.9174,76.93,12,4,9.69,NE,2021-12-04 22:51:49,clear sky
665,Fortuna,40.5982,-124.1573,51.93,95,90,1.01,US,2021-12-04 22:51:49,overcast clouds
666,Nuuk,64.1835,-51.7216,41.88,41,83,20.0,GL,2021-12-04 22:51:00,broken clouds
667,Sidney,-33.8679,151.2073,65.32,86,75,1.99,AU,2021-12-04 22:51:06,light intensity shower rain
668,Kiunga,-6.1219,141.2906,76.06,97,100,2.39,PG,2021-12-04 22:51:50,moderate rain
669,La Ligua,-32.4524,-71.2311,64.18,45,0,5.06,CL,2021-12-04 22:51:50,clear sky
670,Burstadt,49.6436,8.46,43.07,83,100,1.99,DE,2021-12-04 22:51:50,overcast clouds
671,Palm Valley,30.1775,-81.3876,67.08,84,100,7.27,US,2021-12-04 22:51:50,overcast clouds
672,Juneau,58.3019,-134.4197,24.85,87,75,4.61,US,2021-12-04 22:51:51,broken clouds
673,Katsuura,35.1333,140.3,48.18,60,7,10.89,JP,2021-12-04 22:51:51,clear sky
674,Port Hueneme,34.1478,-119.1951,74.88,75,75,10.36,US,2021-12-04 22:51:51,broken clouds
675,Morondava,-20.2833,44.2833,78.94,80,46,1.99,MG,2021-12-04 22:51:52,scattered clouds
676,Sisian,39.5256,46.0251,17.96,47,36,6.24,AM,2021-12-04 22:51:52,scattered clouds
677,Kasongo-Lunda,-6.4667,16.8167,70.14,98,100,1.36,CD,2021-12-04 22:51:52,overcast clouds
678,Bubaque,11.2833,-15.8333,81.59,74,57,14.9,GW,2021-12-04 22:51:52,broken clouds
679,Suntar,62.1444,117.6319,12.29,86,95,7.87,RU,2021-12-04 22:51:53,overcast clouds
680,Kropotkin,45.4375,40.5756,47.59,60,100,5.59,RU,2021-12-04 22:51:53,overcast clouds
681,Asau,46.4333,26.4,29.95,80,66,4.81,RO,2021-12-04 22:51:53,broken clouds
682,Kahului,20.8947,-156.47,78.82,54,40,17.27,US,2021-12-04 22:51:48,scattered clouds
683,Cumberland,35.0502,-78.8664,68.43,66,1,0.0,US,2021-12-04 22:51:54,clear sky
684,Chiredzi,-21.05,31.6667,76.69,52,12,8.52,ZW,2021-12-04 22:51:54,few clouds
685,Kabarnet,0.4919,35.743,56.77,83,51,2.82,KE,2021-12-04 22:51:54,broken clouds
686,Kluang,2.0251,103.3328,74.93,94,99,3.44,MY,2021-12-04 22:51:54,overcast clouds
687,Margate,51.3813,1.3862,42.96,73,92,5.99,GB,2021-12-04 22:48:12,light rain
688,Miles City,46.4083,-105.8406,39.51,60,75,14.97,US,2021-12-04 22:51:55,broken clouds
689,Huaihua,27.5494,109.9592,46.24,76,1,1.07,CN,2021-12-04 22:51:55,clear sky
690,Batagay-Alyta,67.8006,130.4114,-26.34,99,100,1.83,RU,2021-12-04 22:51:55,overcast clouds
691,Bejar,40.3864,-5.7634,39.34,90,35,4.25,ES,2021-12-04 22:52:56,scattered clouds
692,Singleton,-32.5667,151.1833,71.15,68,55,10.51,AU,2021-12-04 22:52:56,broken clouds
693,Bandarbeyla,9.4942,50.8122,74.79,68,28,14.56,SO,2021-12-04 22:52:56,scattered clouds
694,Loreto,22.2667,-101.9667,72.03,21,20,8.79,MX,2021-12-04 22:52:56,few clouds
695,Jati,24.3539,68.2671,66.7,21,0,7.09,PK,2021-12-04 22:52:57,clear sky
696,Chimore,-16.9833,-65.1333,77.09,92,100,2.93,BO,2021-12-04 22:51:45,overcast clouds
697,Priargunsk,50.3691,119.1012,5.27,99,100,0.63,RU,2021-12-04 22:52:57,overcast clouds
698,Ojinaga,29.5667,-104.4167,80.56,25,1,0.0,MX,2021-12-04 22:52:57,clear sky
699,Nantucket,41.2835,-70.0995,42.96,65,1,0.0,US,2021-12-04 22:52:58,clear sky
700,Dali,25.7,100.1833,44.78,91,61,0.87,CN,2021-12-04 22:52:58,broken clouds
701,Breaza,45.1833,25.6667,35.29,87,99,2.37,RO,2021-12-04 22:52:58,overcast clouds
702,Mayor Pablo Lagerenza,-19.9309,-60.7718,81.01,77,97,5.53,PY,2021-12-04 22:52:59,overcast clouds
